Instance,Algorithm,Neighborhood,Parameter_T,Init_Cost,Final_Cost,BKS,Pct_Dev_Initial,Pct_Dev_Final,Execution_Time_s,Total_Moves
4.2,Tabu Search,swap,5,582.0,512.0,512.0,13.671875,0.0,0.4981900999555364,200
4.2,Tabu Search,swap,10,582.0,512.0,512.0,13.671875,0.0,0.39868129999376833,200
4.2,Tabu Search,swap,20,582.0,512.0,512.0,13.671875,0.0,0.3733376000309363,200
4.2,Tabu Search,remove_repair,5,582.0,522.0,512.0,13.671875,1.953125,2.079263300052844,200
4.2,Tabu Search,remove_repair,10,582.0,522.0,512.0,13.671875,1.953125,2.109178999904543,200
4.2,Tabu Search,remove_repair,20,582.0,522.0,512.0,13.671875,1.953125,1.961354700033553,200
4.3,Tabu Search,swap,5,598.0,520.0,516.0,15.891472868217054,0.7751937984496124,0.40485359996091574,200
4.3,Tabu Search,swap,10,598.0,520.0,516.0,15.891472868217054,0.7751937984496124,0.367055100039579,200
4.3,Tabu Search,swap,20,598.0,520.0,516.0,15.891472868217054,0.7751937984496124,0.2692616001004353,200
4.3,Tabu Search,remove_repair,5,598.0,520.0,516.0,15.891472868217054,0.7751937984496124,1.8872548000654206,200
4.3,Tabu Search,remove_repair,10,598.0,520.0,516.0,15.891472868217054,0.7751937984496124,1.876567899947986,200
4.3,Tabu Search,remove_repair,20,598.0,520.0,516.0,15.891472868217054,0.7751937984496124,1.8647792999399826,200
4.4,Tabu Search,swap,5,548.0,494.0,494.0,10.931174089068826,0.0,0.2742149999830872,200
4.4,Tabu Search,swap,10,548.0,494.0,494.0,10.931174089068826,0.0,0.29351619991939515,200
4.4,Tabu Search,swap,20,548.0,494.0,494.0,10.931174089068826,0.0,0.28621389996260405,200
4.4,Tabu Search,remove_repair,5,548.0,499.0,494.0,10.931174089068826,1.0121457489878543,2.3115310000721365,200
4.4,Tabu Search,remove_repair,10,548.0,499.0,494.0,10.931174089068826,1.0121457489878543,1.9166894999798387,200
4.4,Tabu Search,remove_repair,20,548.0,499.0,494.0,10.931174089068826,1.0121457489878543,1.9389367999974638,200
4.5,Tabu Search,swap,5,577.0,514.0,512.0,12.6953125,0.390625,0.28070610004942864,200
4.5,Tabu Search,swap,10,577.0,514.0,512.0,12.6953125,0.390625,0.27001179999206215,200
4.5,Tabu Search,swap,20,577.0,514.0,512.0,12.6953125,0.390625,0.2642896999605,200
4.5,Tabu Search,remove_repair,5,577.0,514.0,512.0,12.6953125,0.390625,2.1326082000741735,200
4.5,Tabu Search,remove_repair,10,577.0,514.0,512.0,12.6953125,0.390625,2.0273753999499604,200
4.5,Tabu Search,remove_repair,20,577.0,514.0,512.0,12.6953125,0.390625,1.976438399986364,200
4.6,Tabu Search,swap,5,615.0,560.0,560.0,9.821428571428571,0.0,0.277539600036107,200
4.6,Tabu Search,swap,10,615.0,560.0,560.0,9.821428571428571,0.0,0.31964060000609607,200
4.6,Tabu Search,swap,20,615.0,560.0,560.0,9.821428571428571,0.0,0.3357937999535352,200
4.6,Tabu Search,remove_repair,5,615.0,560.0,560.0,9.821428571428571,0.0,1.9808319000294432,200
4.6,Tabu Search,remove_repair,10,615.0,560.0,560.0,9.821428571428571,0.0,2.117826299974695,200
4.6,Tabu Search,remove_repair,20,615.0,560.0,560.0,9.821428571428571,0.0,2.481318900012411,200
4.7,Tabu Search,swap,5,476.0,432.0,430.0,10.69767441860465,0.46511627906976744,0.355904099997133,200
4.7,Tabu Search,swap,10,476.0,432.0,430.0,10.69767441860465,0.46511627906976744,0.28764779993798584,200
4.7,Tabu Search,swap,20,476.0,432.0,430.0,10.69767441860465,0.46511627906976744,0.37312450003810227,200
4.7,Tabu Search,remove_repair,5,476.0,432.0,430.0,10.69767441860465,0.46511627906976744,2.466346099972725,200
4.7,Tabu Search,remove_repair,10,476.0,432.0,430.0,10.69767441860465,0.46511627906976744,2.6990674000699073,200
4.7,Tabu Search,remove_repair,20,476.0,432.0,430.0,10.69767441860465,0.46511627906976744,2.6573403000365943,200
4.8,Tabu Search,swap,5,533.0,498.0,492.0,8.333333333333334,1.2195121951219512,0.39548790000844747,200
4.8,Tabu Search,swap,10,533.0,498.0,492.0,8.333333333333334,1.2195121951219512,0.2964034000178799,200
4.8,Tabu Search,swap,20,533.0,498.0,492.0,8.333333333333334,1.2195121951219512,0.3102145000593737,200
4.8,Tabu Search,remove_repair,5,533.0,493.0,492.0,8.333333333333334,0.2032520325203252,2.031685599940829,200
4.8,Tabu Search,remove_repair,10,533.0,493.0,492.0,8.333333333333334,0.2032520325203252,2.63245009991806,200
4.8,Tabu Search,remove_repair,20,533.0,493.0,492.0,8.333333333333334,0.2032520325203252,2.4026135000167415,200
4.9,Tabu Search,swap,5,747.0,647.0,641.0,16.536661466458657,0.9360374414976599,0.37396949995309114,200
4.9,Tabu Search,swap,10,747.0,657.0,641.0,16.536661466458657,2.49609984399376,0.3440772999310866,200
4.9,Tabu Search,swap,20,747.0,657.0,641.0,16.536661466458657,2.49609984399376,0.36761690001003444,200
4.9,Tabu Search,remove_repair,5,747.0,653.0,641.0,16.536661466458657,1.8720748829953198,2.281309499987401,200
4.9,Tabu Search,remove_repair,10,747.0,655.0,641.0,16.536661466458657,2.1840873634945397,2.2030339000048116,200
4.9,Tabu Search,remove_repair,20,747.0,655.0,641.0,16.536661466458657,2.1840873634945397,2.416390600032173,200
5.1,Tabu Search,swap,5,289.0,263.0,253.0,14.229249011857707,3.952569169960474,0.4352931999601424,200
5.1,Tabu Search,swap,10,289.0,263.0,253.0,14.229249011857707,3.952569169960474,0.4287301000440493,200
5.1,Tabu Search,swap,20,289.0,263.0,253.0,14.229249011857707,3.952569169960474,0.46069370000623167,200
5.1,Tabu Search,remove_repair,5,289.0,268.0,253.0,14.229249011857707,5.928853754940712,2.5509973999578506,200
5.1,Tabu Search,remove_repair,10,289.0,268.0,253.0,14.229249011857707,5.928853754940712,2.4222997000906616,200
5.1,Tabu Search,remove_repair,20,289.0,268.0,253.0,14.229249011857707,5.928853754940712,2.3581560000311583,200
5.2,Tabu Search,swap,5,348.0,318.0,302.0,15.2317880794702,5.298013245033113,0.40423669992014766,200
5.2,Tabu Search,swap,10,348.0,318.0,302.0,15.2317880794702,5.298013245033113,0.42367819999344647,200
5.2,Tabu Search,swap,20,348.0,318.0,302.0,15.2317880794702,5.298013245033113,0.5514635000145063,200
5.2,Tabu Search,remove_repair,5,348.0,312.0,302.0,15.2317880794702,3.3112582781456954,2.391007600002922,200
5.2,Tabu Search,remove_repair,10,348.0,312.0,302.0,15.2317880794702,3.3112582781456954,2.266123899957165,200
5.2,Tabu Search,remove_repair,20,348.0,312.0,302.0,15.2317880794702,3.3112582781456954,2.523674500058405,200
5.3,Tabu Search,swap,5,246.0,228.0,226.0,8.849557522123893,0.8849557522123894,0.41637649992480874,200
5.3,Tabu Search,swap,10,246.0,228.0,226.0,8.849557522123893,0.8849557522123894,0.40502030006609857,200
5.3,Tabu Search,swap,20,246.0,228.0,226.0,8.849557522123893,0.8849557522123894,0.436238200054504,200
5.3,Tabu Search,remove_repair,5,246.0,228.0,226.0,8.849557522123893,0.8849557522123894,2.5607046000659466,200
5.3,Tabu Search,remove_repair,10,246.0,228.0,226.0,8.849557522123893,0.8849557522123894,2.355108000105247,200
5.3,Tabu Search,remove_repair,20,246.0,228.0,226.0,8.849557522123893,0.8849557522123894,2.4966584000503644,200
5.4,Tabu Search,swap,5,265.0,244.0,242.0,9.50413223140496,0.8264462809917356,0.41239569999743253,200
5.4,Tabu Search,swap,10,265.0,244.0,242.0,9.50413223140496,0.8264462809917356,0.32432500005234033,155
5.4,Tabu Search,swap,20,265.0,244.0,242.0,9.50413223140496,0.8264462809917356,0.44551610003691167,200
5.4,Tabu Search,remove_repair,5,265.0,242.0,242.0,9.50413223140496,0.0,2.5535938000539318,200
5.4,Tabu Search,remove_repair,10,265.0,242.0,242.0,9.50413223140496,0.0,2.5421691000228748,200
5.4,Tabu Search,remove_repair,20,265.0,242.0,242.0,9.50413223140496,0.0,2.5683236999902874,200
5.5,Tabu Search,swap,5,236.0,212.0,211.0,11.848341232227488,0.47393364928909953,0.6092371999984607,200
5.5,Tabu Search,swap,10,236.0,212.0,211.0,11.848341232227488,0.47393364928909953,0.5838246000930667,200
5.5,Tabu Search,swap,20,236.0,212.0,211.0,11.848341232227488,0.47393364928909953,0.6402880999958143,200
5.5,Tabu Search,remove_repair,5,236.0,212.0,211.0,11.848341232227488,0.47393364928909953,2.660611499915831,200
5.5,Tabu Search,remove_repair,10,236.0,212.0,211.0,11.848341232227488,0.47393364928909953,2.5091241999762133,200
5.5,Tabu Search,remove_repair,20,236.0,212.0,211.0,11.848341232227488,0.47393364928909953,2.1491557999979705,200
5.6,Tabu Search,swap,5,251.0,216.0,213.0,17.84037558685446,1.408450704225352,0.4643158999970183,200
5.6,Tabu Search,swap,10,251.0,216.0,213.0,17.84037558685446,1.408450704225352,0.4644548000069335,200
5.6,Tabu Search,swap,20,251.0,216.0,213.0,17.84037558685446,1.408450704225352,0.4784079999662936,200
5.6,Tabu Search,remove_repair,5,251.0,222.0,213.0,17.84037558685446,4.225352112676056,2.253791099996306,200
5.6,Tabu Search,remove_repair,10,251.0,222.0,213.0,17.84037558685446,4.225352112676056,2.340269000036642,200
5.6,Tabu Search,remove_repair,20,251.0,222.0,213.0,17.84037558685446,4.225352112676056,3.216386300045997,200
5.7,Tabu Search,swap,5,326.0,300.0,293.0,11.262798634812286,2.3890784982935154,0.610745600075461,200
5.7,Tabu Search,swap,10,326.0,300.0,293.0,11.262798634812286,2.3890784982935154,0.6821817000163719,200
5.7,Tabu Search,swap,20,326.0,300.0,293.0,11.262798634812286,2.3890784982935154,0.5346863999729976,200
5.7,Tabu Search,remove_repair,5,326.0,296.0,293.0,11.262798634812286,1.023890784982935,2.894446499994956,200
5.7,Tabu Search,remove_repair,10,326.0,300.0,293.0,11.262798634812286,2.3890784982935154,2.6094665999989957,200
5.7,Tabu Search,remove_repair,20,326.0,300.0,293.0,11.262798634812286,2.3890784982935154,2.4977158000692725,200
5.8,Tabu Search,swap,5,323.0,298.0,288.0,12.152777777777779,3.4722222222222223,0.4383039000676945,200
5.8,Tabu Search,swap,10,323.0,298.0,288.0,12.152777777777779,3.4722222222222223,0.46743630000855774,200
5.8,Tabu Search,swap,20,323.0,302.0,288.0,12.152777777777779,4.861111111111111,0.6214648999739438,200
5.8,Tabu Search,remove_repair,5,323.0,296.0,288.0,12.152777777777779,2.7777777777777777,2.664434399921447,200
5.8,Tabu Search,remove_repair,10,323.0,296.0,288.0,12.152777777777779,2.7777777777777777,2.624385299975984,200
5.8,Tabu Search,remove_repair,20,323.0,296.0,288.0,12.152777777777779,2.7777777777777777,2.4070501999231055,200
5.9,Tabu Search,swap,5,312.0,280.0,279.0,11.827956989247312,0.35842293906810035,0.46038329997099936,200
5.9,Tabu Search,swap,10,312.0,280.0,279.0,11.827956989247312,0.35842293906810035,0.591999200056307,200
5.9,Tabu Search,swap,20,312.0,280.0,279.0,11.827956989247312,0.35842293906810035,0.5261903000064194,200
5.9,Tabu Search,remove_repair,5,312.0,287.0,279.0,11.827956989247312,2.867383512544803,2.887538900016807,200
5.9,Tabu Search,remove_repair,10,312.0,287.0,279.0,11.827956989247312,2.867383512544803,2.342630499973893,200
5.9,Tabu Search,remove_repair,20,312.0,287.0,279.0,11.827956989247312,2.867383512544803,2.4201422000769526,200
6.1,Tabu Search,swap,5,159.0,138.0,138.0,15.217391304347826,0.0,0.46292499999981374,200
6.1,Tabu Search,swap,10,159.0,138.0,138.0,15.217391304347826,0.0,0.28070710005704314,200
6.1,Tabu Search,swap,20,159.0,138.0,138.0,15.217391304347826,0.0,0.23202729993499815,200
6.1,Tabu Search,remove_repair,5,159.0,141.0,138.0,15.217391304347826,2.1739130434782608,1.5637138999300078,200
6.1,Tabu Search,remove_repair,10,159.0,141.0,138.0,15.217391304347826,2.1739130434782608,1.6937691998900846,200
6.1,Tabu Search,remove_repair,20,159.0,141.0,138.0,15.217391304347826,2.1739130434782608,0.239358099992387,17
6.2,Tabu Search,swap,5,170.0,150.0,146.0,16.438356164383563,2.73972602739726,0.3706930000334978,167
6.2,Tabu Search,swap,10,170.0,150.0,146.0,16.438356164383563,2.73972602739726,0.44903319992590696,200
6.2,Tabu Search,swap,20,170.0,150.0,146.0,16.438356164383563,2.73972602739726,0.4302625999553129,183
6.2,Tabu Search,remove_repair,5,170.0,149.0,146.0,16.438356164383563,2.0547945205479454,2.670720199937932,200
6.2,Tabu Search,remove_repair,10,170.0,149.0,146.0,16.438356164383563,2.0547945205479454,3.1767796999774873,200
6.2,Tabu Search,remove_repair,20,170.0,149.0,146.0,16.438356164383563,2.0547945205479454,0.16568580002058297,20
6.3,Tabu Search,swap,5,161.0,149.0,145.0,11.03448275862069,2.7586206896551726,0.2635218999348581,200
6.3,Tabu Search,swap,10,161.0,149.0,145.0,11.03448275862069,2.7586206896551726,0.400345699978061,200
6.3,Tabu Search,swap,20,161.0,149.0,145.0,11.03448275862069,2.7586206896551726,0.22706970002036542,200
6.3,Tabu Search,remove_repair,5,161.0,148.0,145.0,11.03448275862069,2.0689655172413794,1.5365791999502108,200
6.3,Tabu Search,remove_repair,10,161.0,148.0,145.0,11.03448275862069,2.0689655172413794,1.7997266999445856,200
6.3,Tabu Search,remove_repair,20,161.0,148.0,145.0,11.03448275862069,2.0689655172413794,0.2596435999730602,18
6.4,Tabu Search,swap,5,149.0,131.0,131.0,13.740458015267176,0.0,0.3783997999271378,200
6.4,Tabu Search,swap,10,149.0,131.0,131.0,13.740458015267176,0.0,0.38830349990166724,200
6.4,Tabu Search,swap,20,149.0,131.0,131.0,13.740458015267176,0.0,0.25706880004145205,200
6.4,Tabu Search,remove_repair,5,149.0,135.0,131.0,13.740458015267176,3.053435114503817,1.967924700002186,200
6.4,Tabu Search,remove_repair,10,149.0,135.0,131.0,13.740458015267176,3.053435114503817,1.7787793999304995,200
6.4,Tabu Search,remove_repair,20,149.0,135.0,131.0,13.740458015267176,3.053435114503817,0.25399100000504404,17
6.5,Tabu Search,swap,5,196.0,174.0,161.0,21.73913043478261,8.074534161490684,0.24491819995455444,200
6.5,Tabu Search,swap,10,196.0,175.0,161.0,21.73913043478261,8.695652173913043,0.223005999927409,161
6.5,Tabu Search,swap,20,196.0,175.0,161.0,21.73913043478261,8.695652173913043,0.2610251000151038,200
6.5,Tabu Search,remove_repair,5,196.0,165.0,161.0,21.73913043478261,2.484472049689441,1.6593505999771878,200
6.5,Tabu Search,remove_repair,10,196.0,165.0,161.0,21.73913043478261,2.484472049689441,1.562276800046675,200
6.5,Tabu Search,remove_repair,20,196.0,165.0,161.0,21.73913043478261,2.484472049689441,0.5483744000084698,76
A.1,Tabu Search,swap,5,288.0,258.0,253.0,13.83399209486166,1.976284584980237,0.7313761999830604,200
A.1,Tabu Search,swap,10,288.0,258.0,253.0,13.83399209486166,1.976284584980237,0.7922999000875279,200
A.1,Tabu Search,swap,20,288.0,258.0,253.0,13.83399209486166,1.976284584980237,0.7172279000515118,200
A.1,Tabu Search,remove_repair,5,288.0,258.0,253.0,13.83399209486166,1.976284584980237,3.4010460000718012,200
A.1,Tabu Search,remove_repair,10,288.0,258.0,253.0,13.83399209486166,1.976284584980237,3.8082646999973804,200
A.1,Tabu Search,remove_repair,20,288.0,258.0,253.0,13.83399209486166,1.976284584980237,4.306666199932806,200
A.2,Tabu Search,swap,5,284.0,258.0,252.0,12.698412698412698,2.380952380952381,1.009886100073345,200
A.2,Tabu Search,swap,10,284.0,258.0,252.0,12.698412698412698,2.380952380952381,1.2353643999667838,200
A.2,Tabu Search,swap,20,284.0,258.0,252.0,12.698412698412698,2.380952380952381,1.6940732001094148,200
A.2,Tabu Search,remove_repair,5,284.0,259.0,252.0,12.698412698412698,2.7777777777777777,4.66749040002469,200
A.2,Tabu Search,remove_repair,10,284.0,259.0,252.0,12.698412698412698,2.7777777777777777,2.7999342000111938,200
A.2,Tabu Search,remove_repair,20,284.0,259.0,252.0,12.698412698412698,2.7777777777777777,4.269920899998397,200
A.3,Tabu Search,swap,5,270.0,238.0,232.0,16.379310344827587,2.586206896551724,1.1452699999790639,200
A.3,Tabu Search,swap,10,270.0,238.0,232.0,16.379310344827587,2.586206896551724,0.6952308000763878,200
A.3,Tabu Search,swap,20,270.0,238.0,232.0,16.379310344827587,2.586206896551724,0.6808533000294119,200
A.3,Tabu Search,remove_repair,5,270.0,237.0,232.0,16.379310344827587,2.1551724137931036,2.8646188999991864,200
A.3,Tabu Search,remove_repair,10,270.0,237.0,232.0,16.379310344827587,2.1551724137931036,2.959361399989575,200
A.3,Tabu Search,remove_repair,20,270.0,237.0,232.0,16.379310344827587,2.1551724137931036,3.0571528000291437,200
A.4,Tabu Search,swap,5,278.0,236.0,234.0,18.803418803418804,0.8547008547008547,0.816414300003089,200
A.4,Tabu Search,swap,10,278.0,235.0,234.0,18.803418803418804,0.42735042735042733,0.7171947000315413,200
A.4,Tabu Search,swap,20,278.0,236.0,234.0,18.803418803418804,0.8547008547008547,0.6894208999583498,200
A.4,Tabu Search,remove_repair,5,278.0,235.0,234.0,18.803418803418804,0.42735042735042733,2.797915699891746,200
A.4,Tabu Search,remove_repair,10,278.0,235.0,234.0,18.803418803418804,0.42735042735042733,2.93396150006447,200
A.4,Tabu Search,remove_repair,20,278.0,235.0,234.0,18.803418803418804,0.42735042735042733,2.796636699931696,200
A.5,Tabu Search,swap,5,271.0,238.0,236.0,14.830508474576272,0.847457627118644,0.6722854999825358,200
A.5,Tabu Search,swap,10,271.0,238.0,236.0,14.830508474576272,0.847457627118644,0.7657586999703199,200
A.5,Tabu Search,swap,20,271.0,238.0,236.0,14.830508474576272,0.847457627118644,0.8093100000405684,200
A.5,Tabu Search,remove_repair,5,271.0,238.0,236.0,14.830508474576272,0.847457627118644,2.899020400014706,200
A.5,Tabu Search,remove_repair,10,271.0,238.0,236.0,14.830508474576272,0.847457627118644,2.93529579997994,200
A.5,Tabu Search,remove_repair,20,271.0,238.0,236.0,14.830508474576272,0.847457627118644,2.932181900017895,200
B.1,Tabu Search,swap,5,77.0,69.0,69.0,11.594202898550725,0.0,0.6135385000379756,200
B.1,Tabu Search,swap,10,77.0,69.0,69.0,11.594202898550725,0.0,0.7317778000142425,200
B.1,Tabu Search,swap,20,77.0,69.0,69.0,11.594202898550725,0.0,0.9835703999269754,200
B.1,Tabu Search,remove_repair,5,77.0,70.0,69.0,11.594202898550725,1.4492753623188406,4.116185800055973,200
B.1,Tabu Search,remove_repair,10,77.0,70.0,69.0,11.594202898550725,1.4492753623188406,0.14519890001975,11
B.1,Tabu Search,remove_repair,20,77.0,70.0,69.0,11.594202898550725,1.4492753623188406,0.18294859991874546,11
B.2,Tabu Search,swap,5,86.0,77.0,76.0,13.157894736842104,1.3157894736842106,0.8447578001068905,200
B.2,Tabu Search,swap,10,86.0,76.0,76.0,13.157894736842104,0.0,0.6909124000230804,200
B.2,Tabu Search,swap,20,86.0,77.0,76.0,13.157894736842104,1.3157894736842106,0.6304045000579208,200
B.2,Tabu Search,remove_repair,5,86.0,78.0,76.0,13.157894736842104,2.6315789473684212,2.1942399999825284,200
B.2,Tabu Search,remove_repair,10,86.0,78.0,76.0,13.157894736842104,2.6315789473684212,2.2904973999829963,200
B.2,Tabu Search,remove_repair,20,86.0,78.0,76.0,13.157894736842104,2.6315789473684212,0.2856084000086412,19
B.3,Tabu Search,swap,5,89.0,81.0,80.0,11.25,1.25,0.8420281999278814,200
B.3,Tabu Search,swap,10,89.0,81.0,80.0,11.25,1.25,0.7430117999901995,200
B.3,Tabu Search,swap,20,89.0,81.0,80.0,11.25,1.25,0.7580462999176234,200
B.3,Tabu Search,remove_repair,5,89.0,81.0,80.0,11.25,1.25,2.3647781000472605,200
B.3,Tabu Search,remove_repair,10,89.0,81.0,80.0,11.25,1.25,2.0757082999916747,200
B.3,Tabu Search,remove_repair,20,89.0,81.0,80.0,11.25,1.25,0.3272021999582648,33
B.4,Tabu Search,swap,5,89.0,81.0,79.0,12.658227848101266,2.5316455696202533,0.5980756999924779,200
B.4,Tabu Search,swap,10,89.0,81.0,79.0,12.658227848101266,2.5316455696202533,0.603462600032799,200
B.4,Tabu Search,swap,20,89.0,81.0,79.0,12.658227848101266,2.5316455696202533,0.5883644999703392,200
B.4,Tabu Search,remove_repair,5,89.0,81.0,79.0,12.658227848101266,2.5316455696202533,2.1554934000596404,200
B.4,Tabu Search,remove_repair,10,89.0,83.0,79.0,12.658227848101266,5.063291139240507,0.11941539996769279,11
B.4,Tabu Search,remove_repair,20,89.0,83.0,79.0,12.658227848101266,5.063291139240507,0.12085780000779778,11
B.5,Tabu Search,swap,5,78.0,72.0,72.0,8.333333333333334,0.0,0.5967432999750599,200
B.5,Tabu Search,swap,10,78.0,73.0,72.0,8.333333333333334,1.3888888888888888,0.600080500007607,200
B.5,Tabu Search,swap,20,78.0,73.0,72.0,8.333333333333334,1.3888888888888888,0.5885508999926969,200
B.5,Tabu Search,remove_repair,5,78.0,72.0,72.0,8.333333333333334,0.0,2.1107540000230074,200
B.5,Tabu Search,remove_repair,10,78.0,72.0,72.0,8.333333333333334,0.0,2.1814621000085026,200
B.5,Tabu Search,remove_repair,20,78.0,72.0,72.0,8.333333333333334,0.0,0.17387579998467118,17
C.1,Tabu Search,swap,5,258.0,232.0,227.0,13.656387665198238,2.202643171806167,1.3559007999720052,200
C.1,Tabu Search,swap,10,258.0,229.0,227.0,13.656387665198238,0.8810572687224669,1.1398018000181764,200
C.1,Tabu Search,swap,20,258.0,232.0,227.0,13.656387665198238,2.202643171806167,1.3201736001065,200
C.1,Tabu Search,remove_repair,5,258.0,232.0,227.0,13.656387665198238,2.202643171806167,4.443788400036283,200
C.1,Tabu Search,remove_repair,10,258.0,232.0,227.0,13.656387665198238,2.202643171806167,3.738268099958077,200
C.1,Tabu Search,remove_repair,20,258.0,232.0,227.0,13.656387665198238,2.202643171806167,3.7273831999627873,200
C.2,Tabu Search,swap,5,258.0,221.0,219.0,17.80821917808219,0.91324200913242,1.1987833000021055,200
C.2,Tabu Search,swap,10,258.0,221.0,219.0,17.80821917808219,0.91324200913242,1.1839035999728367,200
C.2,Tabu Search,swap,20,258.0,221.0,219.0,17.80821917808219,0.91324200913242,1.2554663999471813,200
C.2,Tabu Search,remove_repair,5,258.0,221.0,219.0,17.80821917808219,0.91324200913242,3.64529150002636,200
C.2,Tabu Search,remove_repair,10,258.0,221.0,219.0,17.80821917808219,0.91324200913242,3.6362338000908494,200
C.2,Tabu Search,remove_repair,20,258.0,221.0,219.0,17.80821917808219,0.91324200913242,3.625142899923958,200
C.3,Tabu Search,swap,5,276.0,249.0,243.0,13.580246913580247,2.4691358024691357,1.2572691000532359,200
C.3,Tabu Search,swap,10,276.0,249.0,243.0,13.580246913580247,2.4691358024691357,1.2468442999524996,200
C.3,Tabu Search,swap,20,276.0,250.0,243.0,13.580246913580247,2.880658436213992,1.1546362999361008,200
C.3,Tabu Search,remove_repair,5,276.0,249.0,243.0,13.580246913580247,2.4691358024691357,4.050588099984452,200
C.3,Tabu Search,remove_repair,10,276.0,247.0,243.0,13.580246913580247,1.646090534979424,3.8814204999944195,200
C.3,Tabu Search,remove_repair,20,276.0,249.0,243.0,13.580246913580247,2.4691358024691357,3.5757252000039443,200
C.4,Tabu Search,swap,5,257.0,229.0,219.0,17.35159817351598,4.566210045662101,1.227319800062105,200
C.4,Tabu Search,swap,10,257.0,225.0,219.0,17.35159817351598,2.73972602739726,1.2305508999852464,200
C.4,Tabu Search,swap,20,257.0,226.0,219.0,17.35159817351598,3.1963470319634704,1.1472251999657601,200
C.4,Tabu Search,remove_repair,5,257.0,220.0,219.0,17.35159817351598,0.45662100456621,3.6106113999849185,200
C.4,Tabu Search,remove_repair,10,257.0,220.0,219.0,17.35159817351598,0.45662100456621,4.207104800036177,200
C.4,Tabu Search,remove_repair,20,257.0,226.0,219.0,17.35159817351598,3.1963470319634704,4.521445099962875,200
C.5,Tabu Search,swap,5,233.0,215.0,215.0,8.372093023255815,0.0,1.4061944000422955,200
C.5,Tabu Search,swap,10,233.0,215.0,215.0,8.372093023255815,0.0,1.1548792999237776,200
C.5,Tabu Search,swap,20,233.0,215.0,215.0,8.372093023255815,0.0,1.2255664999829605,200
C.5,Tabu Search,remove_repair,5,233.0,217.0,215.0,8.372093023255815,0.9302325581395349,5.437039199983701,200
C.5,Tabu Search,remove_repair,10,233.0,217.0,215.0,8.372093023255815,0.9302325581395349,4.072444300050847,200
C.5,Tabu Search,remove_repair,20,233.0,217.0,215.0,8.372093023255815,0.9302325581395349,4.944866599980742,200
D.1,Tabu Search,swap,5,74.0,63.0,60.0,23.333333333333332,5.0,1.50542969990056,200
D.1,Tabu Search,swap,10,74.0,63.0,60.0,23.333333333333332,5.0,1.2557951000053436,200
D.1,Tabu Search,swap,20,74.0,63.0,60.0,23.333333333333332,5.0,1.1523697000229731,200
D.1,Tabu Search,remove_repair,5,74.0,61.0,60.0,23.333333333333332,1.6666666666666667,2.6592387000564486,200
D.1,Tabu Search,remove_repair,10,74.0,62.0,60.0,23.333333333333332,3.3333333333333335,0.12203880003653467,9
D.1,Tabu Search,remove_repair,20,74.0,62.0,60.0,23.333333333333332,3.3333333333333335,0.12558860005810857,9
D.2,Tabu Search,swap,5,74.0,67.0,66.0,12.121212121212121,1.5151515151515151,1.2837383999722078,200
D.2,Tabu Search,swap,10,74.0,67.0,66.0,12.121212121212121,1.5151515151515151,1.2004718000534922,200
D.2,Tabu Search,swap,20,74.0,67.0,66.0,12.121212121212121,1.5151515151515151,1.880997399915941,200
D.2,Tabu Search,remove_repair,5,74.0,67.0,66.0,12.121212121212121,1.5151515151515151,2.675117400009185,200
D.2,Tabu Search,remove_repair,10,74.0,67.0,66.0,12.121212121212121,1.5151515151515151,2.6483539999462664,200
D.2,Tabu Search,remove_repair,20,74.0,67.0,66.0,12.121212121212121,1.5151515151515151,0.25544320000335574,16
D.3,Tabu Search,swap,5,83.0,77.0,72.0,15.277777777777779,6.944444444444445,1.1283601999748498,200
D.3,Tabu Search,swap,10,83.0,77.0,72.0,15.277777777777779,6.944444444444445,0.971171599929221,200
D.3,Tabu Search,swap,20,83.0,75.0,72.0,15.277777777777779,4.166666666666667,0.9541922999778762,200
D.3,Tabu Search,remove_repair,5,83.0,75.0,72.0,15.277777777777779,4.166666666666667,2.848467699950561,200
D.3,Tabu Search,remove_repair,10,83.0,78.0,72.0,15.277777777777779,8.333333333333334,3.2878942999523133,200
D.3,Tabu Search,remove_repair,20,83.0,78.0,72.0,15.277777777777779,8.333333333333334,0.29612559999804944,20
D.4,Tabu Search,swap,5,71.0,63.0,62.0,14.516129032258064,1.6129032258064515,0.9990266999229789,200
D.4,Tabu Search,swap,10,71.0,63.0,62.0,14.516129032258064,1.6129032258064515,1.008178999996744,200
D.4,Tabu Search,swap,20,71.0,63.0,62.0,14.516129032258064,1.6129032258064515,0.9874592999694869,200
D.4,Tabu Search,remove_repair,5,71.0,63.0,62.0,14.516129032258064,1.6129032258064515,2.685149700031616,200
D.4,Tabu Search,remove_repair,10,71.0,64.0,62.0,14.516129032258064,3.225806451612903,2.654666900052689,200
D.4,Tabu Search,remove_repair,20,71.0,64.0,62.0,14.516129032258064,3.225806451612903,0.24753099994268268,17
D.5,Tabu Search,swap,5,69.0,62.0,61.0,13.114754098360656,1.639344262295082,1.1515399999916553,200
D.5,Tabu Search,swap,10,69.0,62.0,61.0,13.114754098360656,1.639344262295082,1.4924798998981714,200
D.5,Tabu Search,swap,20,69.0,62.0,61.0,13.114754098360656,1.639344262295082,0.9833456000778824,200
D.5,Tabu Search,remove_repair,5,69.0,61.0,61.0,13.114754098360656,0.0,2.7512962000910193,200
D.5,Tabu Search,remove_repair,10,69.0,61.0,61.0,13.114754098360656,0.0,2.701397299999371,200
D.5,Tabu Search,remove_repair,20,69.0,61.0,61.0,13.114754098360656,0.0,0.2269635999109596,18
