instance,class,method,bks,cost_no_re,n_sets_no_re,t_construct,cost_re_cost_desc,t_re_cost_desc,n_sets_re_cost_desc,cost_re_random,t_re_random,n_sets_re_random,cost_re_cost_per_element,t_re_cost_per_element,n_sets_re_cost_per_element,cost_re,t_re,n_sets_re,dev_no_re,dev_re,dev_re_cost_desc,improved_cost_desc,dev_re_random,improved_random,dev_re_cost_per_element,improved_cost_per_element,improved
4.2,4,CH1 (random),512.0,4229.0,90,0.0023264999908860773,3247.0,0.0012753999908454716,69,3265.0,0.0011331999849062413,69,3247.0,0.001086099975509569,69,3247.0,0.0012753999908454716,69,725.9765625,534.1796875,534.1796875,True,537.6953125,True,534.1796875,True,True
4.2,4,CH2 (cost/gain),512.0,582.0,81,0.0073924000025726855,529.0,0.00038139999378472567,66,533.0,0.000371300004189834,66,529.0,0.0004312999953981489,66,529.0,0.00038139999378472567,66,13.671875,3.3203125,3.3203125,True,4.1015625,True,3.3203125,True,True
4.2,4,CH3 (regret),512.0,665.0,68,0.001229099987540394,660.0,0.00026339999749325216,65,660.0,0.00027210000553168356,65,660.0,0.0002093000221066177,65,660.0,0.00026339999749325216,65,29.8828125,28.90625,28.90625,True,28.90625,True,28.90625,True,True
4.3,4,CH1 (random),516.0,4019.0,82,0.0006699000077787787,3174.0,0.0003100999747402966,66,3353.0,0.00033400001120753586,66,3158.0,0.0003003999881912023,65,3174.0,0.0003100999747402966,66,678.8759689922481,515.1162790697674,515.1162790697674,True,549.8062015503876,True,512.015503875969,True,True
4.3,4,CH2 (cost/gain),516.0,598.0,82,0.005536099983146414,537.0,0.0006340000254567713,67,540.0,0.0006354000070132315,67,537.0,0.0005512000061571598,67,537.0,0.0006340000254567713,67,15.891472868217054,4.069767441860465,4.069767441860465,True,4.651162790697675,True,4.069767441860465,True,True
4.3,4,CH3 (regret),516.0,602.0,71,0.0011987999896518886,589.0,0.0002567000046838075,65,589.0,0.00025110002025030553,65,589.0,0.00023600002168677747,65,589.0,0.0002567000046838075,65,16.666666666666668,14.147286821705427,14.147286821705427,True,14.147286821705427,True,14.147286821705427,True,True
4.4,4,CH1 (random),494.0,4390.0,84,0.0006568999961018562,3468.0,0.0003456000122241676,66,3468.0,0.0003097000007983297,66,3454.0,0.00036440000985749066,65,3468.0,0.0003456000122241676,66,788.663967611336,602.0242914979757,602.0242914979757,True,602.0242914979757,True,599.1902834008097,True,True
4.4,4,CH2 (cost/gain),494.0,548.0,80,0.006115299998782575,506.0,0.00038670000503771007,67,506.0,0.0002924000145867467,67,506.0,0.00029139997786842287,67,506.0,0.00038670000503771007,67,10.931174089068826,2.42914979757085,2.42914979757085,True,2.42914979757085,True,2.42914979757085,True,True
4.4,4,CH3 (regret),494.0,591.0,73,0.0009119000169448555,566.0,0.0002705999941099435,65,571.0,0.0002547999902162701,65,566.0,0.00043769998592324555,65,566.0,0.0002705999941099435,65,19.635627530364374,14.574898785425102,14.574898785425102,True,15.587044534412955,True,14.574898785425102,True,True
4.5,4,CH1 (random),512.0,3840.0,81,0.0006785000150557607,3035.0,0.0003328000020701438,63,3035.0,0.0003026999766007066,63,3035.0,0.0003271999885328114,63,3035.0,0.0003328000020701438,63,650.0,492.7734375,492.7734375,True,492.7734375,True,492.7734375,True,True
4.5,4,CH2 (cost/gain),512.0,577.0,79,0.00530409999191761,518.0,0.0004067000118084252,63,520.0,0.0003488000074867159,62,518.0,0.0003167999966535717,63,518.0,0.0004067000118084252,63,12.6953125,1.171875,1.171875,True,1.5625,True,1.171875,True,True
4.5,4,CH3 (regret),512.0,628.0,66,0.0008824999968055636,609.0,0.00022830002126283944,62,609.0,0.0002418000076431781,62,609.0,0.0003310999891255051,62,609.0,0.00022830002126283944,62,22.65625,18.9453125,18.9453125,True,18.9453125,True,18.9453125,True,True
4.6,4,CH1 (random),560.0,4389.0,82,0.00066380001953803,3453.0,0.00031689999741502106,65,3643.0,0.0003090999962296337,66,3457.0,0.00038789998507127166,63,3453.0,0.00031689999741502106,65,683.75,516.6071428571429,516.6071428571429,True,550.5357142857143,True,517.3214285714286,True,True
4.6,4,CH2 (cost/gain),560.0,615.0,77,0.006321499997284263,594.0,0.0002920999831985682,71,597.0,0.0002584999892860651,71,594.0,0.00025309997727163136,71,594.0,0.0002920999831985682,71,9.821428571428571,6.071428571428571,6.071428571428571,True,6.607142857142857,True,6.071428571428571,True,True
4.6,4,CH3 (regret),560.0,668.0,69,0.0008855000196490437,656.0,0.0002410000015515834,64,656.0,0.00022519999765791,64,656.0,0.00022250000620260835,64,656.0,0.0002410000015515834,64,19.285714285714285,17.142857142857142,17.142857142857142,True,17.142857142857142,True,17.142857142857142,True,True
4.7,4,CH1 (random),430.0,4150.0,84,0.0006754999922122806,3310.0,0.00030590000096708536,71,3330.0,0.00029260001610964537,70,3310.0,0.00029520000680349767,71,3310.0,0.00030590000096708536,71,865.1162790697674,669.7674418604652,669.7674418604652,True,674.4186046511628,True,669.7674418604652,True,True
4.7,4,CH2 (cost/gain),430.0,476.0,70,0.004706200008513406,447.0,0.00027639998006634414,61,447.0,0.00025270000332966447,61,447.0,0.00023850001161918044,61,447.0,0.00027639998006634414,61,10.69767441860465,3.953488372093023,3.953488372093023,True,3.953488372093023,True,3.953488372093023,True,True
4.7,4,CH3 (regret),430.0,457.0,66,0.0006950999959371984,447.0,0.00024580000899732113,61,447.0,0.00021880000713281333,61,447.0,0.00022600000374950469,61,447.0,0.00024580000899732113,61,6.27906976744186,3.953488372093023,3.953488372093023,True,3.953488372093023,True,3.953488372093023,True,True
4.8,4,CH1 (random),492.0,4180.0,84,0.0006138000171631575,3239.0,0.000308599992422387,66,3292.0,0.0002998999843839556,66,3350.0,0.00031040000612847507,66,3239.0,0.000308599992422387,66,749.5934959349594,558.3333333333334,558.3333333333334,True,569.1056910569106,True,580.8943089430894,True,True
4.8,4,CH2 (cost/gain),492.0,533.0,71,0.004664800013415515,525.0,0.00023519998649135232,67,525.0,0.00031949998810887337,67,525.0,0.0002381000085733831,67,525.0,0.00023519998649135232,67,8.333333333333334,6.7073170731707314,6.7073170731707314,True,6.7073170731707314,True,6.7073170731707314,True,True
4.8,4,CH3 (regret),492.0,555.0,63,0.0008440999954473227,546.0,0.00026089997845701873,62,546.0,0.0002735000161919743,62,546.0,0.00021729999571107328,62,546.0,0.00026089997845701873,62,12.804878048780488,10.975609756097562,10.975609756097562,True,10.975609756097562,True,10.975609756097562,True,True
4.9,4,CH1 (random),641.0,3955.0,78,0.0008063999994192272,3328.0,0.0002919000107795,67,3327.0,0.00028119998751208186,66,3327.0,0.00028119998751208186,66,3328.0,0.0002919000107795,67,517.0046801872074,419.18876755070204,419.18876755070204,True,419.03276131045243,True,419.03276131045243,True,True
4.9,4,CH2 (cost/gain),641.0,747.0,85,0.006609000003663823,665.0,0.0003153000143356621,69,671.0,0.0003237000200897455,69,664.0,0.0003339000104460865,68,665.0,0.0003153000143356621,69,16.536661466458657,3.7441497659906395,3.7441497659906395,True,4.6801872074882995,True,3.5881435257410295,True,True
4.9,4,CH3 (regret),641.0,768.0,72,0.0009022000012919307,756.0,0.00024789999588392675,67,756.0,0.000252999976510182,67,756.0,0.00024029999622143805,67,756.0,0.00024789999588392675,67,19.81279251170047,17.940717628705148,17.940717628705148,True,17.940717628705148,True,17.940717628705148,True,True
5.1,5,CH1 (random),253.0,3938.0,83,0.0006529999955091625,2867.0,0.0003142000059597194,60,2948.0,0.0003139000036753714,60,2867.0,0.0003107000084128231,60,2867.0,0.0003142000059597194,60,1456.5217391304348,1033.201581027668,1033.201581027668,True,1065.2173913043478,True,1033.201581027668,True,True
5.1,5,CH2 (cost/gain),253.0,289.0,77,0.011715500004356727,269.0,0.0002829000004567206,67,269.0,0.00029129997710697353,67,269.0,0.0002783999952953309,67,269.0,0.0002829000004567206,67,14.229249011857707,6.324110671936759,6.324110671936759,True,6.324110671936759,True,6.324110671936759,True,True
5.1,5,CH3 (regret),253.0,305.0,69,0.0007361999887507409,286.0,0.00024310001754201949,63,286.0,0.0002361000224482268,63,286.0,0.0002311999851372093,63,286.0,0.00024310001754201949,63,20.553359683794465,13.043478260869565,13.043478260869565,True,13.043478260869565,True,13.043478260869565,True,True
5.2,5,CH1 (random),302.0,4219.0,84,0.0006304999988060445,3022.0,0.0003297999792266637,63,3212.0,0.00031159998616203666,64,3049.0,0.0003139000036753714,64,3022.0,0.0003297999792266637,63,1297.0198675496688,900.6622516556291,900.6622516556291,True,963.5761589403974,True,909.6026490066225,True,True
5.2,5,CH2 (cost/gain),302.0,348.0,76,0.024073899985523894,330.0,0.0006177000177558511,68,330.0,0.00042929998016916215,68,330.0,0.0004960000223945826,68,330.0,0.0006177000177558511,68,15.2317880794702,9.271523178807946,9.271523178807946,True,9.271523178807946,True,9.271523178807946,True,True
5.2,5,CH3 (regret),302.0,348.0,71,0.002395599993178621,332.0,0.0002978999982587993,67,332.0,0.0002705999941099435,67,332.0,0.00032599997939541936,67,332.0,0.0002978999982587993,67,15.2317880794702,9.933774834437086,9.933774834437086,True,9.933774834437086,True,9.933774834437086,True,True
5.3,5,CH1 (random),226.0,3963.0,85,0.0006587000098079443,3324.0,0.00036830001045018435,72,3432.0,0.0010734999959822744,71,3356.0,0.001201300008688122,72,3324.0,0.00036830001045018435,72,1653.5398230088495,1370.796460176991,1370.796460176991,True,1418.58407079646,True,1384.9557522123894,True,True
5.3,5,CH2 (cost/gain),226.0,246.0,72,0.009649299987358972,232.0,0.00029730002279393375,63,232.0,0.00027459999546408653,63,232.0,0.00023910001618787646,63,232.0,0.00029730002279393375,63,8.849557522123893,2.6548672566371683,2.6548672566371683,True,2.6548672566371683,True,2.6548672566371683,True,True
5.3,5,CH3 (regret),226.0,255.0,65,0.0006971000111661851,249.0,0.00022079999325796962,61,249.0,0.00021510000806301832,61,249.0,0.00020390001009218395,61,249.0,0.00022079999325796962,61,12.831858407079647,10.176991150442477,10.176991150442477,True,10.176991150442477,True,10.176991150442477,True,True
5.4,5,CH1 (random),242.0,3869.0,84,0.000611299998126924,2908.0,0.0002992000081576407,70,2931.0,0.0003465000190772116,69,2908.0,0.00028840001323260367,70,2908.0,0.0002992000081576407,70,1498.7603305785124,1101.6528925619834,1101.6528925619834,True,1111.1570247933885,True,1101.6528925619834,True,True
5.4,5,CH2 (cost/gain),242.0,265.0,77,0.01169429998844862,250.0,0.0002835999766830355,69,250.0,0.0002589000214356929,69,250.0,0.0002491000050213188,69,250.0,0.0002835999766830355,69,9.50413223140496,3.3057851239669422,3.3057851239669422,True,3.3057851239669422,True,3.3057851239669422,True,True
5.4,5,CH3 (regret),242.0,272.0,69,0.0007101999945007265,271.0,0.00020219999714754522,68,271.0,0.00020650000078603625,68,271.0,0.00020410001161508262,68,271.0,0.00020219999714754522,68,12.396694214876034,11.983471074380166,11.983471074380166,True,11.983471074380166,True,11.983471074380166,True,True
5.5,5,CH1 (random),211.0,4185.0,84,0.0006321999826468527,3164.0,0.0003006000188179314,65,3129.0,0.000298400002066046,64,3175.0,0.00029769999673590064,65,3164.0,0.0003006000188179314,65,1883.4123222748815,1399.5260663507108,1399.5260663507108,True,1382.9383886255923,True,1404.739336492891,True,True
5.5,5,CH2 (cost/gain),211.0,236.0,75,0.008256500004790723,212.0,0.00027200000477023423,62,215.0,0.0006526999932248145,63,214.0,0.0010523000091779977,63,212.0,0.00027200000477023423,62,11.848341232227488,0.47393364928909953,0.47393364928909953,True,1.8957345971563981,True,1.4218009478672986,True,True
5.5,5,CH3 (regret),211.0,252.0,67,0.002024500019615516,241.0,0.0006356000085361302,61,241.0,0.0006327999872155488,61,241.0,0.0006301999965216964,61,241.0,0.0006356000085361302,61,19.43127962085308,14.218009478672986,14.218009478672986,True,14.218009478672986,True,14.218009478672986,True,True
5.6,5,CH1 (random),213.0,4132.0,88,0.0006619000050704926,3065.0,0.00035099999513477087,67,3161.0,0.0003954000130761415,66,3133.0,0.0003656000189948827,68,3065.0,0.00035099999513477087,67,1839.906103286385,1338.9671361502346,1338.9671361502346,True,1384.037558685446,True,1370.8920187793428,True,True
5.6,5,CH2 (cost/gain),213.0,251.0,76,0.009892100002616644,225.0,0.0008641000022180378,64,225.0,0.0004318999999668449,64,226.0,0.0002697999880183488,64,225.0,0.0008641000022180378,64,17.84037558685446,5.633802816901408,5.633802816901408,True,5.633802816901408,True,6.103286384976526,True,True
5.6,5,CH3 (regret),213.0,239.0,66,0.0007227000023704022,224.0,0.00021059997379779816,60,224.0,0.0002334000018890947,60,224.0,0.0002190999803133309,60,224.0,0.00021059997379779816,60,12.206572769953052,5.164319248826291,5.164319248826291,True,5.164319248826291,True,5.164319248826291,True,True
5.7,5,CH1 (random),293.0,4290.0,85,0.0006261999951675534,3319.0,0.00031969998963177204,65,3307.0,0.0004169000021647662,64,3307.0,0.00037319998955354095,64,3319.0,0.00031969998963177204,65,1364.1638225255972,1032.7645051194538,1032.7645051194538,True,1028.6689419795223,True,1028.6689419795223,True,True
5.7,5,CH2 (cost/gain),293.0,326.0,77,0.010050599987152964,306.0,0.00027340001543052495,67,309.0,0.00026369999977760017,67,306.0,0.0003226999833714217,67,306.0,0.00027340001543052495,67,11.262798634812286,4.436860068259386,4.436860068259386,True,5.460750853242321,True,4.436860068259386,True,True
5.7,5,CH3 (regret),293.0,327.0,65,0.0006896000122651458,323.0,0.0001959000073838979,63,323.0,0.00019770002108998597,63,323.0,0.0005474000063259155,63,323.0,0.0001959000073838979,63,11.604095563139932,10.238907849829351,10.238907849829351,True,10.238907849829351,True,10.238907849829351,True,True
5.8,5,CH1 (random),288.0,4297.0,90,0.000665700004901737,3263.0,0.00033459998667240143,68,3332.0,0.0003373999788891524,68,3263.0,0.0003324999997857958,68,3263.0,0.00033459998667240143,68,1392.013888888889,1032.986111111111,1032.986111111111,True,1056.9444444444443,True,1032.986111111111,True,True
5.8,5,CH2 (cost/gain),288.0,323.0,77,0.011491000012028962,311.0,0.0003030999796465039,69,311.0,0.0002562000008765608,69,311.0,0.00024980001035146415,69,311.0,0.0003030999796465039,69,12.152777777777779,7.986111111111111,7.986111111111111,True,7.986111111111111,True,7.986111111111111,True,True
5.8,5,CH3 (regret),288.0,308.0,69,0.0007362999895121902,307.0,0.00020440001389943063,68,307.0,0.00020570002379827201,68,307.0,0.0002032000047620386,68,307.0,0.00020440001389943063,68,6.944444444444445,6.597222222222222,6.597222222222222,True,6.597222222222222,True,6.597222222222222,True,True
5.9,5,CH1 (random),279.0,3779.0,83,0.0006188000261317939,3015.0,0.0002832000027410686,69,2993.0,0.0002807999844662845,68,3015.0,0.00028169999131932855,69,3015.0,0.0002832000027410686,69,1254.4802867383512,980.6451612903226,980.6451612903226,True,972.7598566308244,True,980.6451612903226,True,True
5.9,5,CH2 (cost/gain),279.0,312.0,74,0.012093099998310208,292.0,0.000753400003304705,63,292.0,0.0007580000092275441,63,292.0,0.0006309000018518418,63,292.0,0.000753400003304705,63,11.827956989247312,4.659498207885305,4.659498207885305,True,4.659498207885305,True,4.659498207885305,True,True
5.9,5,CH3 (regret),279.0,330.0,62,0.0007271999784279615,327.0,0.0001962000096682459,60,327.0,0.00019880000036209822,60,327.0,0.00019509997218847275,60,327.0,0.0001962000096682459,60,18.27956989247312,17.204301075268816,17.204301075268816,True,17.204301075268816,True,17.204301075268816,True,True
6.1,6,CH1 (random),138.0,2390.0,48,0.0005216999852564186,2023.0,0.00018020000425167382,38,2023.0,0.0002963000151794404,38,2023.0,0.00020009998115710914,38,2023.0,0.00018020000425167382,38,1631.8840579710145,1365.9420289855072,1365.9420289855072,True,1365.9420289855072,True,1365.9420289855072,True,True
6.1,6,CH2 (cost/gain),138.0,159.0,47,0.013410199986537918,142.0,0.00020830001449212432,38,142.0,0.00018430000636726618,38,142.0,0.0001705000177025795,38,142.0,0.00020830001449212432,38,15.217391304347826,2.898550724637681,2.898550724637681,True,2.898550724637681,True,2.898550724637681,True,True
6.1,6,CH3 (regret),138.0,156.0,41,0.0005852000031154603,151.0,0.0001340000017080456,38,151.0,0.00013869997928850353,38,151.0,0.00013329999637790024,38,151.0,0.0001340000017080456,38,13.043478260869565,9.420289855072463,9.420289855072463,True,9.420289855072463,True,9.420289855072463,True,True
6.2,6,CH1 (random),146.0,2478.0,51,0.0005786999827250838,1655.0,0.00020539999241009355,37,1721.0,0.00021379999816417694,37,1655.0,0.00022159999934956431,37,1655.0,0.00020539999241009355,37,1597.2602739726028,1033.5616438356165,1033.5616438356165,True,1078.7671232876712,True,1033.5616438356165,True,True
6.2,6,CH2 (cost/gain),146.0,170.0,46,0.012941099994350225,156.0,0.0002038999809883535,40,156.0,0.00017029998707585037,40,156.0,0.00015700000221841037,40,156.0,0.0002038999809883535,40,16.438356164383563,6.8493150684931505,6.8493150684931505,True,6.8493150684931505,True,6.8493150684931505,True,True
6.2,6,CH3 (regret),146.0,166.0,40,0.0005711999838240445,164.0,0.00014630000805482268,38,164.0,0.00013050000416114926,38,164.0,0.00012839998817071319,38,164.0,0.00014630000805482268,38,13.698630136986301,12.32876712328767,12.32876712328767,True,12.32876712328767,True,12.32876712328767,True,True
6.3,6,CH1 (random),145.0,2698.0,48,0.0005685999931301922,2156.0,0.00018289999570697546,38,2162.0,0.0001897999900393188,38,2156.0,0.00018450000789016485,38,2156.0,0.00018289999570697546,38,1760.6896551724137,1386.896551724138,1386.896551724138,True,1391.0344827586207,True,1386.896551724138,True,True
6.3,6,CH2 (cost/gain),145.0,161.0,43,0.013697300018975511,157.0,0.00015820001135580242,40,157.0,0.0001517999917268753,40,157.0,0.00014020001981407404,40,157.0,0.00015820001135580242,40,11.03448275862069,8.275862068965518,8.275862068965518,True,8.275862068965518,True,8.275862068965518,True,True
6.3,6,CH3 (regret),145.0,159.0,43,0.0006096000142861158,156.0,0.00013620001845993102,41,156.0,0.00014099999680183828,41,156.0,0.00013729999773204327,41,156.0,0.00013620001845993102,41,9.655172413793103,7.586206896551724,7.586206896551724,True,7.586206896551724,True,7.586206896551724,True,True
6.4,6,CH1 (random),131.0,2235.0,47,0.0018665000097826123,1721.0,0.0006506999779958278,38,1752.0,0.000531300000147894,38,1721.0,0.0006123000057414174,38,1721.0,0.0006506999779958278,38,1606.1068702290077,1213.7404580152672,1213.7404580152672,True,1237.4045801526718,True,1213.7404580152672,True,True
6.4,6,CH2 (cost/gain),131.0,149.0,47,0.013090899999951944,140.0,0.00023299999884329736,43,141.0,0.00019639998208731413,43,140.0,0.0001748999929986894,43,140.0,0.00023299999884329736,43,13.740458015267176,6.870229007633588,6.870229007633588,True,7.633587786259542,True,6.870229007633588,True,True
6.4,6,CH3 (regret),131.0,158.0,41,0.0007501999789383262,151.0,0.00015459998394362628,38,151.0,0.00014930000179447234,38,151.0,0.00014560000272467732,38,151.0,0.00015459998394362628,38,20.610687022900763,15.267175572519085,15.267175572519085,True,15.267175572519085,True,15.267175572519085,True,True
6.5,6,CH1 (random),161.0,2465.0,49,0.0006240000075194985,1676.0,0.0002060999977402389,37,1760.0,0.0001866999955382198,37,1676.0,0.00018309999722987413,37,1676.0,0.0002060999977402389,37,1431.055900621118,940.9937888198758,940.9937888198758,True,993.1677018633541,True,940.9937888198758,True,True
6.5,6,CH2 (cost/gain),161.0,196.0,46,0.019506500015268102,186.0,0.000231999991228804,41,186.0,0.00024789999588392675,41,186.0,0.00016339999274350703,41,186.0,0.000231999991228804,41,21.73913043478261,15.527950310559007,15.527950310559007,True,15.527950310559007,True,15.527950310559007,True,True
6.5,6,CH3 (regret),161.0,185.0,40,0.0005889000021852553,180.0,0.00012790001346729696,38,180.0,0.0001331999956164509,38,180.0,0.00012700000661425292,38,180.0,0.00012790001346729696,38,14.906832298136646,11.801242236024844,11.801242236024844,True,11.801242236024844,True,11.801242236024844,True,True
A.1,A,CH1 (random),253.0,4964.0,97,0.0008470999891869724,3533.0,0.0003674000035971403,73,3822.0,0.00035710001247934997,75,3533.0,0.00036269999691285193,73,3533.0,0.0003674000035971403,73,1862.0553359683795,1296.4426877470355,1296.4426877470355,True,1410.6719367588933,True,1296.4426877470355,True,True
A.1,A,CH2 (cost/gain),253.0,288.0,89,0.025164500024402514,261.0,0.00032729998929426074,73,261.0,0.00031990002025850117,73,261.0,0.00032130000181496143,73,261.0,0.00032729998929426074,73,13.83399209486166,3.1620553359683794,3.1620553359683794,True,3.1620553359683794,True,3.1620553359683794,True,True
A.1,A,CH3 (regret),253.0,280.0,75,0.0009384999866597354,272.0,0.00029120000544935465,70,272.0,0.0002429999876767397,70,272.0,0.00024009999469853938,70,272.0,0.00029120000544935465,70,10.671936758893281,7.509881422924901,7.509881422924901,True,7.509881422924901,True,7.509881422924901,True,True
A.2,A,CH1 (random),252.0,5238.0,104,0.0009920999873429537,3731.0,0.00041370000690221786,76,3826.0,0.00038369998219422996,76,3757.0,0.0006264999974519014,76,3731.0,0.00041370000690221786,76,1978.5714285714287,1380.5555555555557,1380.5555555555557,True,1418.2539682539682,True,1390.873015873016,True,True
A.2,A,CH2 (cost/gain),252.0,284.0,88,0.02031699998769909,270.0,0.00027340001543052495,81,270.0,0.0002982000005431473,81,270.0,0.0003003000165335834,81,270.0,0.00027340001543052495,81,12.698412698412698,7.142857142857143,7.142857142857143,True,7.142857142857143,True,7.142857142857143,True,True
A.2,A,CH3 (regret),252.0,289.0,83,0.0012382999993860722,277.0,0.0003960999893024564,77,277.0,0.0003834999806713313,77,277.0,0.00036279999767430127,77,277.0,0.0003960999893024564,77,14.682539682539682,9.920634920634921,9.920634920634921,True,9.920634920634921,True,9.920634920634921,True,True
A.3,A,CH1 (random),232.0,4551.0,97,0.001066600001649931,3309.0,0.00036689999978989363,76,3351.0,0.00033660000190138817,76,3326.0,0.00032580000697635114,76,3309.0,0.00036689999978989363,76,1861.6379310344828,1326.2931034482758,1326.2931034482758,True,1344.396551724138,True,1333.6206896551723,True,True
A.3,A,CH2 (cost/gain),232.0,270.0,91,0.020904400007566437,245.0,0.00034180001239292324,76,245.0,0.00030109999352134764,76,245.0,0.0002990999782923609,76,245.0,0.00034180001239292324,76,16.379310344827587,5.603448275862069,5.603448275862069,True,5.603448275862069,True,5.603448275862069,True,True
A.3,A,CH3 (regret),232.0,260.0,76,0.0009310000168625265,258.0,0.00021860000560991466,74,258.0,0.00022449999232776463,74,258.0,0.0002305000089108944,74,258.0,0.00021860000560991466,74,12.068965517241379,11.206896551724139,11.206896551724139,True,11.206896551724139,True,11.206896551724139,True,True
A.4,A,CH1 (random),234.0,5221.0,104,0.0008430999878328294,4098.0,0.0005080999981146306,83,4117.0,0.0003892999957315624,82,4117.0,0.0004318999999668449,83,4098.0,0.0005080999981146306,83,2131.196581196581,1651.2820512820513,1651.2820512820513,True,1659.4017094017095,True,1659.4017094017095,True,True
A.4,A,CH2 (cost/gain),234.0,278.0,89,0.01936919998843223,242.0,0.00044559998787008226,74,242.0,0.0003178000042680651,74,242.0,0.00029200001154094934,74,242.0,0.00044559998787008226,74,18.803418803418804,3.4188034188034186,3.4188034188034186,True,3.4188034188034186,True,3.4188034188034186,True,True
A.4,A,CH3 (regret),234.0,258.0,75,0.0008934999932534993,254.0,0.0003056999994441867,71,254.0,0.0002476000227034092,71,254.0,0.00023490001331083477,71,254.0,0.0003056999994441867,71,10.256410256410257,8.547008547008547,8.547008547008547,True,8.547008547008547,True,8.547008547008547,True,True
A.5,A,CH1 (random),236.0,4089.0,92,0.0008388999849557877,3421.0,0.001279499992961064,76,3488.0,0.0003837000112980604,77,3421.0,0.00032279998413287103,76,3421.0,0.001279499992961064,76,1632.6271186440679,1349.5762711864406,1349.5762711864406,True,1377.9661016949153,True,1349.5762711864406,True,True
A.5,A,CH2 (cost/gain),236.0,271.0,89,0.020061699993675575,247.0,0.0003428000200074166,76,250.0,0.00033000000985339284,77,250.0,0.0003457999846432358,77,247.0,0.0003428000200074166,76,14.830508474576272,4.661016949152542,4.661016949152542,True,5.932203389830509,True,5.932203389830509,True,True
A.5,A,CH3 (regret),236.0,261.0,79,0.001187799993203953,249.0,0.0003572999848984182,71,249.0,0.0003978000022470951,71,249.0,0.00040619997889734805,71,249.0,0.0003572999848984182,71,10.59322033898305,5.508474576271187,5.508474576271187,True,5.508474576271187,True,5.508474576271187,True,True
B.1,B,CH1 (random),69.0,2616.0,56,0.001482799998484552,2046.0,0.0004450000124052167,46,1916.0,0.0004107000131625682,42,2048.0,0.0003863999736495316,46,2046.0,0.0004450000124052167,46,3691.304347826087,2865.217391304348,2865.217391304348,True,2676.8115942028985,True,2868.1159420289855,True,True
B.1,B,CH2 (cost/gain),69.0,77.0,45,0.048594299994874746,73.0,0.0002468999882694334,42,74.0,0.00021249998826533556,42,73.0,0.00020429998403415084,42,73.0,0.0002468999882694334,42,11.594202898550725,5.797101449275362,5.797101449275362,True,7.246376811594203,True,5.797101449275362,True,True
B.1,B,CH3 (regret),69.0,78.0,42,0.0012327000149525702,75.0,0.0002077000099234283,41,75.0,0.00021779999951831996,41,75.0,0.0002818999928422272,41,75.0,0.0002077000099234283,41,13.043478260869565,8.695652173913043,8.695652173913043,True,8.695652173913043,True,8.695652173913043,True,True
B.2,B,CH1 (random),76.0,2734.0,58,0.0013731999788433313,2130.0,0.0003850999928545207,46,2130.0,0.00034600001526996493,46,2130.0,0.0003436999977566302,46,2130.0,0.0003850999928545207,46,3497.3684210526317,2702.6315789473683,2702.6315789473683,True,2702.6315789473683,True,2702.6315789473683,True,True
B.2,B,CH2 (cost/gain),76.0,86.0,47,0.058571400004439056,78.0,0.0005212000105530024,42,78.0,0.0003904000041075051,42,78.0,0.00036100001307204366,42,78.0,0.0005212000105530024,42,13.157894736842104,2.6315789473684212,2.6315789473684212,True,2.6315789473684212,True,2.6315789473684212,True,True
B.2,B,CH3 (regret),76.0,92.0,45,0.0021065999753773212,89.0,0.0003882000164594501,42,89.0,0.001018099981592968,42,89.0,0.0003445000038482249,42,89.0,0.0003882000164594501,42,21.05263157894737,17.105263157894736,17.105263157894736,True,17.105263157894736,True,17.105263157894736,True,True
B.3,B,CH1 (random),80.0,2513.0,54,0.0018260999931953847,1901.0,0.0005002999969292432,43,1943.0,0.0004265999887138605,42,1901.0,0.0005126000032760203,43,1901.0,0.0005002999969292432,43,3041.25,2276.25,2276.25,True,2328.75,True,2276.25,True,True
B.3,B,CH2 (cost/gain),80.0,89.0,47,0.06983319998835213,82.0,0.00029039999935775995,43,85.0,0.0002175999979954213,44,82.0,0.00021090000518597662,43,82.0,0.00029039999935775995,43,11.25,2.5,2.5,True,6.25,True,2.5,True,True
B.3,B,CH3 (regret),80.0,89.0,44,0.0012709999864455312,89.0,0.00017410001601092517,44,89.0,0.00017469999147579074,44,89.0,0.0001644000003580004,44,89.0,0.00017410001601092517,44,11.25,11.25,11.25,False,11.25,False,11.25,False,False
B.4,B,CH1 (random),79.0,2483.0,54,0.0013275000092107803,1813.0,0.0005870999884791672,43,1910.0,0.000381199992261827,43,1848.0,0.00022799998987466097,43,1813.0,0.0005870999884791672,43,3043.0379746835442,2194.9367088607596,2194.9367088607596,True,2317.721518987342,True,2239.240506329114,True,True
B.4,B,CH2 (cost/gain),79.0,89.0,50,0.074756600020919,83.0,0.0003761000116355717,44,83.0,0.00034270001924596727,44,83.0,0.0002838000073097646,44,83.0,0.0003761000116355717,44,12.658227848101266,5.063291139240507,5.063291139240507,True,5.063291139240507,True,5.063291139240507,True,True
B.4,B,CH3 (regret),79.0,95.0,50,0.001594500005012378,86.0,0.00027180000324733555,42,86.0,0.0004427999956533313,42,86.0,0.00026369999977760017,42,86.0,0.00027180000324733555,42,20.253164556962027,8.860759493670885,8.860759493670885,True,8.860759493670885,True,8.860759493670885,True,True
B.5,B,CH1 (random),72.0,2565.0,57,0.0010182999831158668,2145.0,0.00027520000003278255,47,2156.0,0.00026130001060664654,47,2145.0,0.0010159999947063625,47,2145.0,0.00027520000003278255,47,3462.5,2879.1666666666665,2879.1666666666665,True,2894.4444444444443,True,2879.1666666666665,True,True
B.5,B,CH2 (cost/gain),72.0,78.0,45,0.05505759999505244,75.0,0.000444800010882318,42,75.0,0.0004225000157020986,42,75.0,0.0003911999810952693,42,75.0,0.000444800010882318,42,8.333333333333334,4.166666666666667,4.166666666666667,True,4.166666666666667,True,4.166666666666667,True,True
B.5,B,CH3 (regret),72.0,85.0,45,0.0031506000086665154,83.0,0.00047900000936351717,43,83.0,0.00041360000614076853,43,83.0,0.0003505999920889735,43,83.0,0.00047900000936351717,43,18.055555555555557,15.277777777777779,15.277777777777779,True,15.277777777777779,True,15.277777777777779,True,True
C.1,C,CH1 (random),227.0,5100.0,105,0.0025687000015750527,3782.0,0.0007823000196367502,81,3776.0,0.0008116000099107623,80,3821.0,0.0007015000155661255,81,3782.0,0.0007823000196367502,81,2146.6960352422907,1566.079295154185,1566.079295154185,True,1563.4361233480176,True,1583.259911894273,True,True
C.1,C,CH2 (cost/gain),227.0,258.0,104,0.04216389998327941,237.0,0.0007905000238679349,90,239.0,0.0003535999858286232,90,237.0,0.0003581999917514622,90,237.0,0.0007905000238679349,90,13.656387665198238,4.405286343612334,4.405286343612334,True,5.286343612334802,True,4.405286343612334,True,True
C.1,C,CH3 (regret),227.0,262.0,94,0.0017052999755833298,256.0,0.0006362000131048262,90,256.0,0.0004143000114709139,90,256.0,0.00041619999683462083,90,256.0,0.0006362000131048262,90,15.418502202643172,12.775330396475772,12.775330396475772,True,12.775330396475772,True,12.775330396475772,True,True
C.2,C,CH1 (random),219.0,5197.0,107,0.001066900003934279,3995.0,0.0003974999999627471,84,4041.0,0.00037639998481608927,84,3995.0,0.00038040001527406275,84,3995.0,0.0003974999999627471,84,2273.0593607305937,1724.2009132420092,1724.2009132420092,True,1745.2054794520548,True,1724.2009132420092,True,True
C.2,C,CH2 (cost/gain),219.0,258.0,104,0.0470733999973163,224.0,0.0004422999918460846,84,224.0,0.0004656999954022467,84,224.0,0.00041519998922012746,84,224.0,0.0004422999918460846,84,17.80821917808219,2.2831050228310503,2.2831050228310503,True,2.2831050228310503,True,2.2831050228310503,True,True
C.2,C,CH3 (regret),219.0,252.0,90,0.0012636999890673906,246.0,0.00029150000773370266,84,246.0,0.000287900009425357,84,246.0,0.0002809999859891832,84,246.0,0.00029150000773370266,84,15.068493150684931,12.32876712328767,12.32876712328767,True,12.32876712328767,True,12.32876712328767,True,True
C.3,C,CH1 (random),243.0,6255.0,119,0.0011511000047903508,4422.0,0.00047890000860206783,88,4724.0,0.0004897000035271049,89,4479.0,0.0005745000089518726,89,4422.0,0.00047890000860206783,88,2474.074074074074,1719.7530864197531,1719.7530864197531,True,1844.0329218106997,True,1743.20987654321,True,True
C.3,C,CH2 (cost/gain),243.0,276.0,96,0.04193259999738075,258.0,0.0003532000118866563,88,257.0,0.0002986000035889447,87,257.0,0.0003037000133190304,87,258.0,0.0003532000118866563,88,13.580246913580247,6.172839506172839,6.172839506172839,True,5.761316872427984,True,5.761316872427984,True,True
C.3,C,CH3 (regret),243.0,289.0,94,0.0011826000118162483,281.0,0.00028909998945891857,88,282.0,0.00029230001382529736,88,282.0,0.00027859999681822956,88,281.0,0.00028909998945891857,88,18.930041152263374,15.637860082304528,15.637860082304528,True,16.049382716049383,True,16.049382716049383,True,True
C.4,C,CH1 (random),219.0,6015.0,112,0.0011881999962497503,4307.0,0.000520200002938509,84,4415.0,0.000605499983066693,84,4478.0,0.0007074000022839755,86,4307.0,0.000520200002938509,84,2646.5753424657532,1866.6666666666667,1866.6666666666667,True,1915.9817351598174,True,1944.7488584474886,True,True
C.4,C,CH2 (cost/gain),219.0,257.0,99,0.07942780002485961,237.0,0.0005385999975260347,83,237.0,0.0007732000085525215,83,237.0,0.002613399992696941,83,237.0,0.0005385999975260347,83,17.35159817351598,8.219178082191782,8.219178082191782,True,8.219178082191782,True,8.219178082191782,True,True
C.4,C,CH3 (regret),219.0,262.0,94,0.0023538999957963824,257.0,0.000454699998954311,90,257.0,0.0004228999896440655,90,257.0,0.0003963999915868044,90,257.0,0.000454699998954311,90,19.634703196347033,17.35159817351598,17.35159817351598,True,17.35159817351598,True,17.35159817351598,True,True
C.5,C,CH1 (random),215.0,5085.0,101,0.001923300005728379,4027.0,0.00048719998449087143,82,4041.0,0.0004527999844867736,81,4030.0,0.0004859000036958605,82,4027.0,0.00048719998449087143,82,2265.1162790697676,1773.0232558139535,1773.0232558139535,True,1779.5348837209303,True,1774.4186046511627,True,True
C.5,C,CH2 (cost/gain),215.0,233.0,96,0.03983909997623414,219.0,0.00037819999852217734,85,219.0,0.00032320001628249884,85,219.0,0.0002995999820996076,85,219.0,0.00037819999852217734,85,8.372093023255815,1.8604651162790697,1.8604651162790697,True,1.8604651162790697,True,1.8604651162790697,True,True
C.5,C,CH3 (regret),215.0,250.0,91,0.001135800004703924,244.0,0.0002750999992713332,85,244.0,0.00027340001543052495,85,244.0,0.00028910001856274903,85,244.0,0.0002750999992713332,85,16.27906976744186,13.488372093023257,13.488372093023257,True,13.488372093023257,True,13.488372093023257,True,True
D.1,D,CH1 (random),60.0,2852.0,59,0.0010543000244069844,2363.0,0.000219000008655712,51,2398.0,0.00020470001618377864,51,2363.0,0.00020670000230893493,51,2363.0,0.000219000008655712,51,4653.333333333333,3838.3333333333335,3838.3333333333335,True,3896.6666666666665,True,3838.3333333333335,True,True
D.1,D,CH2 (cost/gain),60.0,74.0,52,0.08209300000453368,68.0,0.00024210000992752612,46,68.0,0.0001880000054370612,46,67.0,0.00018149998504668474,45,68.0,0.00024210000992752612,46,23.333333333333332,13.333333333333334,13.333333333333334,True,13.333333333333334,True,11.666666666666666,True,True
D.1,D,CH3 (regret),60.0,69.0,50,0.001142599998274818,63.0,0.00016919997869990766,44,63.0,0.00016519997734576464,44,63.0,0.0001592000189702958,44,63.0,0.00016919997869990766,44,15.0,5.0,5.0,True,5.0,True,5.0,True,True
D.2,D,CH1 (random),66.0,3164.0,63,0.0009575000149197876,2216.0,0.00023350000265054405,47,2448.0,0.00021979998564347625,48,2200.0,0.00022590000298805535,46,2216.0,0.00023350000265054405,47,4693.939393939394,3257.5757575757575,3257.5757575757575,True,3609.090909090909,True,3233.3333333333335,True,True
D.2,D,CH2 (cost/gain),66.0,74.0,51,0.09775089999311604,71.0,0.0003175000019837171,48,71.0,0.00026190001517534256,48,71.0,0.00025450001703575253,48,71.0,0.0003175000019837171,48,12.121212121212121,7.575757575757576,7.575757575757576,True,7.575757575757576,True,7.575757575757576,True,True
D.2,D,CH3 (regret),66.0,81.0,50,0.001863600016804412,77.0,0.00032560000545345247,46,77.0,0.0003262000100221485,46,77.0,0.00031659999513067305,46,77.0,0.00032560000545345247,46,22.727272727272727,16.666666666666668,16.666666666666668,True,16.666666666666668,True,16.666666666666668,True,True
D.3,D,CH1 (random),72.0,3106.0,60,0.0025344000023324043,2418.0,0.0005914999928791076,48,2400.0,0.0006318000087048858,47,2355.0,0.0006584999791812152,46,2418.0,0.0005914999928791076,48,4213.888888888889,3258.3333333333335,3258.3333333333335,True,3233.3333333333335,True,3170.8333333333335,True,True
D.3,D,CH2 (cost/gain),72.0,83.0,52,0.09729160001734272,80.0,0.00023070001043379307,49,80.0,0.0001765000051818788,49,80.0,0.0001677999971434474,49,80.0,0.00023070001043379307,49,15.277777777777779,11.11111111111111,11.11111111111111,True,11.11111111111111,True,11.11111111111111,True,True
D.3,D,CH3 (regret),72.0,83.0,49,0.0011680999887175858,78.0,0.000166199984960258,45,78.0,0.00016540000797249377,45,78.0,0.0001601999974809587,45,78.0,0.000166199984960258,45,15.277777777777779,8.333333333333334,8.333333333333334,True,8.333333333333334,True,8.333333333333334,True,True
D.4,D,CH1 (random),62.0,3049.0,61,0.001145399990491569,2366.0,0.00028989999555051327,47,2430.0,0.00029170000925660133,45,2321.0,0.0002820999943651259,46,2366.0,0.00028989999555051327,47,4817.741935483871,3716.1290322580644,3716.1290322580644,True,3819.3548387096776,True,3643.548387096774,True,True
D.4,D,CH2 (cost/gain),62.0,71.0,55,0.07816710000042804,67.0,0.0008402999956160784,51,68.0,0.0009485000045970082,52,68.0,0.0005013000045437366,52,67.0,0.0008402999956160784,51,14.516129032258064,8.064516129032258,8.064516129032258,True,9.67741935483871,True,9.67741935483871,True,True
D.4,D,CH3 (regret),62.0,72.0,50,0.001905899989651516,69.0,0.0003006000188179314,48,69.0,0.00030189999961294234,48,69.0,0.00029399999766610563,48,69.0,0.0003006000188179314,48,16.129032258064516,11.290322580645162,11.290322580645162,True,11.290322580645162,True,11.290322580645162,True,True
D.5,D,CH1 (random),61.0,2712.0,56,0.004580300010275096,2384.0,0.0005780000064987689,48,2465.0,0.0006961000035516918,48,2384.0,0.0004896000027656555,48,2384.0,0.0005780000064987689,48,4345.901639344263,3808.1967213114754,3808.1967213114754,True,3940.9836065573772,True,3808.1967213114754,True,True
D.5,D,CH2 (cost/gain),61.0,69.0,51,0.113896199996816,66.0,0.00030220000189729035,48,66.0,0.00024130000383593142,48,66.0,0.0002334000018890947,48,66.0,0.00030220000189729035,48,13.114754098360656,8.19672131147541,8.19672131147541,True,8.19672131147541,True,8.19672131147541,True,True
D.5,D,CH3 (regret),61.0,73.0,51,0.0015223000082187355,69.0,0.0002170999941881746,47,69.0,0.00022050002007745206,47,69.0,0.000282000022707507,47,69.0,0.0002170999941881746,47,19.672131147540984,13.114754098360656,13.114754098360656,True,13.114754098360656,True,13.114754098360656,True,True
