Instance,Class,Start_Heuristic,LS_Method,Algorithm,BKS,Init_Cost,Final_Cost,Time_s,Improved,Pct_Dev
4.2,4.2,CH1,FI,CH1+FI,512,4229.0,1998.0,4.379427199950442,True,290.234375
4.2,4.2,CH1,BI,CH1+BI,512,4229.0,1746.0,49.170001700054854,True,241.015625
4.2,4.2,CH2,FI,CH2+FI,512,582.0,566.0,1.6811254000058398,True,10.546875
4.2,4.2,CH2,BI,CH2+BI,512,582.0,514.0,25.329451400088146,True,0.390625
4.2,4.2,CH3,FI,CH3+FI,512,665.0,630.0,1.2933942000381649,True,23.046875
4.2,4.2,CH3,BI,CH3+BI,512,665.0,604.0,7.9647618000162765,True,17.96875
4.2,4.2,CH1+RE,FI,CH1+RE+FI,512,3247.0,2044.0,3.2028120000613853,True,299.21875
4.2,4.2,CH1+RE,BI,CH1+RE+BI,512,3247.0,1746.0,10.678152599954046,True,241.015625
4.3,4.3,CH1,FI,CH1+FI,516,4019.0,1602.0,2.1039765999885276,True,210.46511627906978
4.3,4.3,CH1,BI,CH1+BI,516,4019.0,1704.0,27.007939500035718,True,230.2325581395349
4.3,4.3,CH2,FI,CH2+FI,516,598.0,556.0,0.501607200014405,True,7.751937984496124
4.3,4.3,CH2,BI,CH2+BI,516,598.0,526.0,13.65535859996453,True,1.937984496124031
4.3,4.3,CH3,FI,CH3+FI,516,602.0,583.0,1.485294400015846,True,12.984496124031008
4.3,4.3,CH3,BI,CH3+BI,516,602.0,576.0,6.222558100009337,True,11.627906976744185
4.3,4.3,CH1+RE,FI,CH1+RE+FI,516,3174.0,1552.0,2.349056200007908,True,200.7751937984496
4.3,4.3,CH1+RE,BI,CH1+RE+BI,516,3174.0,1483.0,14.794273599982262,True,187.4031007751938
4.4,4.4,CH1,FI,CH1+FI,494,4390.0,2085.0,3.198316799942404,True,322.06477732793525
4.4,4.4,CH1,BI,CH1+BI,494,4390.0,1975.0,37.275009700097144,True,299.7975708502024
4.4,4.4,CH2,FI,CH2+FI,494,548.0,495.0,1.2477347999811172,True,0.20242914979757085
4.4,4.4,CH2,BI,CH2+BI,494,548.0,494.0,15.224835800006986,True,0.0
4.4,4.4,CH3,FI,CH3+FI,494,591.0,562.0,1.1579219000414014,True,13.765182186234817
4.4,4.4,CH3,BI,CH3+BI,494,591.0,535.0,8.664485999965109,True,8.299595141700404
4.4,4.4,CH1+RE,FI,CH1+RE+FI,494,3468.0,2252.0,3.586866000085138,True,355.87044534412956
4.4,4.4,CH1+RE,BI,CH1+RE+BI,494,3468.0,2075.0,12.566682799952105,True,320.0404858299595
4.5,4.5,CH1,FI,CH1+FI,512,3840.0,1899.0,2.046457500080578,True,270.8984375
4.5,4.5,CH1,BI,CH1+BI,512,3840.0,1469.0,30.768614299944602,True,186.9140625
4.5,4.5,CH2,FI,CH2+FI,512,577.0,537.0,0.8782336000585929,True,4.8828125
4.5,4.5,CH2,BI,CH2+BI,512,577.0,514.0,13.001858300063759,True,0.390625
4.5,4.5,CH3,FI,CH3+FI,512,628.0,593.0,0.6554282999131829,True,15.8203125
4.5,4.5,CH3,BI,CH3+BI,512,628.0,560.0,2.7874410999938846,True,9.375
4.5,4.5,CH1+RE,FI,CH1+RE+FI,512,3035.0,2002.0,1.6943153999745846,True,291.015625
4.5,4.5,CH1+RE,BI,CH1+RE+BI,512,3035.0,1469.0,11.359183799941093,True,186.9140625
4.6,4.6,CH1,FI,CH1+FI,560,4389.0,2161.0,0.9983513000188395,True,285.89285714285717
4.6,4.6,CH1,BI,CH1+BI,560,4389.0,1858.0,24.83679809991736,True,231.78571428571428
4.6,4.6,CH2,FI,CH2+FI,560,615.0,583.0,0.8748513999162242,True,4.107142857142857
4.6,4.6,CH2,BI,CH2+BI,560,615.0,562.0,6.1645777999656275,True,0.35714285714285715
4.6,4.6,CH3,FI,CH3+FI,560,668.0,634.0,0.800050700083375,True,13.214285714285714
4.6,4.6,CH3,BI,CH3+BI,560,668.0,634.0,2.7111230000155047,True,13.214285714285714
4.6,4.6,CH1+RE,FI,CH1+RE+FI,560,3453.0,1888.0,1.9318981999531388,True,237.14285714285714
4.6,4.6,CH1+RE,BI,CH1+RE+BI,560,3453.0,1869.0,7.560723599977791,True,233.75
4.7,4.7,CH1,FI,CH1+FI,430,4150.0,1590.0,2.5340124000795186,True,269.7674418604651
4.7,4.7,CH1,BI,CH1+BI,430,4150.0,1378.0,13.905599300051108,True,220.46511627906978
4.7,4.7,CH2,FI,CH2+FI,430,476.0,454.0,0.3710805999580771,True,5.5813953488372094
4.7,4.7,CH2,BI,CH2+BI,430,476.0,432.0,3.492131600040011,True,0.46511627906976744
4.7,4.7,CH3,FI,CH3+FI,430,457.0,445.0,0.450288699939847,True,3.488372093023256
4.7,4.7,CH3,BI,CH3+BI,430,457.0,442.0,2.3431785000720993,True,2.7906976744186047
4.7,4.7,CH1+RE,FI,CH1+RE+FI,430,3310.0,1407.0,1.1210528999799863,True,227.2093023255814
4.7,4.7,CH1+RE,BI,CH1+RE+BI,430,3310.0,1312.0,8.408364600036293,True,205.11627906976744
4.8,4.8,CH1,FI,CH1+FI,492,4180.0,1596.0,1.1797374999150634,True,224.390243902439
4.8,4.8,CH1,BI,CH1+BI,492,4180.0,1880.0,19.980126700014807,True,282.1138211382114
4.8,4.8,CH2,FI,CH2+FI,492,533.0,503.0,0.6738620999967679,True,2.2357723577235773
4.8,4.8,CH2,BI,CH2+BI,492,533.0,498.0,3.5781285000266507,True,1.2195121951219512
4.8,4.8,CH3,FI,CH3+FI,492,555.0,525.0,0.7229264000197873,True,6.7073170731707314
4.8,4.8,CH3,BI,CH3+BI,492,555.0,522.0,1.5982795000309125,True,6.097560975609756
4.8,4.8,CH1+RE,FI,CH1+RE+FI,492,3239.0,1908.0,1.1223074999870732,True,287.8048780487805
4.8,4.8,CH1+RE,BI,CH1+RE+BI,492,3239.0,1750.0,7.2763891000067815,True,255.6910569105691
4.9,4.9,CH1,FI,CH1+FI,641,3955.0,1882.0,1.2745274999178946,True,193.603744149766
4.9,4.9,CH1,BI,CH1+BI,641,3955.0,1801.0,12.74943309999071,True,180.96723868954757
4.9,4.9,CH2,FI,CH2+FI,641,747.0,663.0,0.5030614000279456,True,3.43213728549142
4.9,4.9,CH2,BI,CH2+BI,641,747.0,657.0,12.85743679990992,True,2.49609984399376
4.9,4.9,CH3,FI,CH3+FI,641,768.0,721.0,1.79770659992937,True,12.480499219968799
4.9,4.9,CH3,BI,CH3+BI,641,768.0,705.0,5.502056800061837,True,9.98439937597504
4.9,4.9,CH1+RE,FI,CH1+RE+FI,641,3328.0,1950.0,2.147228999994695,True,204.21216848673947
4.9,4.9,CH1+RE,BI,CH1+RE+BI,641,3328.0,1801.0,7.71304359997157,True,180.96723868954757
5.1,5.1,CH1,FI,CH1+FI,253,3938.0,1667.0,3.6693433999316767,True,558.8932806324111
5.1,5.1,CH1,BI,CH1+BI,253,3938.0,1484.0,58.5565184999723,True,486.5612648221344
5.1,5.1,CH2,FI,CH2+FI,253,289.0,263.0,1.7330805000383407,True,3.952569169960474
5.1,5.1,CH2,BI,CH2+BI,253,289.0,263.0,15.992274099960923,True,3.952569169960474
5.1,5.1,CH3,FI,CH3+FI,253,305.0,274.0,2.050827500061132,True,8.300395256916996
5.1,5.1,CH3,BI,CH3+BI,253,305.0,280.0,8.086180399986915,True,10.671936758893281
5.1,5.1,CH1+RE,FI,CH1+RE+FI,253,2867.0,1754.0,2.652618100051768,True,593.2806324110672
5.1,5.1,CH1+RE,BI,CH1+RE+BI,253,2867.0,1484.0,11.045370700070634,True,486.5612648221344
5.2,5.2,CH1,FI,CH1+FI,302,4219.0,1924.0,2.070339900092222,True,537.0860927152318
5.2,5.2,CH1,BI,CH1+BI,302,4219.0,1502.0,46.13047540001571,True,397.35099337748346
5.2,5.2,CH2,FI,CH2+FI,302,348.0,321.0,1.4294592998921871,True,6.291390728476821
5.2,5.2,CH2,BI,CH2+BI,302,348.0,319.0,8.19382620009128,True,5.629139072847682
5.2,5.2,CH3,FI,CH3+FI,302,348.0,323.0,1.1594099000794813,True,6.953642384105961
5.2,5.2,CH3,BI,CH3+BI,302,348.0,332.0,3.4523096999619156,True,9.933774834437086
5.2,5.2,CH1+RE,FI,CH1+RE+FI,302,3022.0,1690.0,2.4750132000772282,True,459.6026490066225
5.2,5.2,CH1+RE,BI,CH1+RE+BI,302,3022.0,1656.0,17.358034100034274,True,448.34437086092714
5.3,5.3,CH1,FI,CH1+FI,226,3963.0,1352.0,4.087951999972574,True,498.2300884955752
5.3,5.3,CH1,BI,CH1+BI,226,3963.0,1579.0,38.518542199977674,True,598.6725663716815
5.3,5.3,CH2,FI,CH2+FI,226,246.0,238.0,0.7714802999980748,True,5.3097345132743365
5.3,5.3,CH2,BI,CH2+BI,226,246.0,228.0,10.37473989999853,True,0.8849557522123894
5.3,5.3,CH3,FI,CH3+FI,226,255.0,236.0,0.7005456000333652,True,4.424778761061947
5.3,5.3,CH3,BI,CH3+BI,226,255.0,236.0,4.67462159995921,True,4.424778761061947
5.3,5.3,CH1+RE,FI,CH1+RE+FI,226,3324.0,1617.0,3.204646599944681,True,615.4867256637168
5.3,5.3,CH1+RE,BI,CH1+RE+BI,226,3324.0,1651.0,12.910450699971989,True,630.5309734513274
5.4,5.4,CH1,FI,CH1+FI,242,3869.0,1721.0,2.160192600102164,True,611.1570247933885
5.4,5.4,CH1,BI,CH1+BI,242,3869.0,1130.0,36.91758660005871,True,366.94214876033055
5.4,5.4,CH2,FI,CH2+FI,242,265.0,247.0,1.2521067999769002,True,2.0661157024793386
5.4,5.4,CH2,BI,CH2+BI,242,265.0,245.0,8.30434619996231,True,1.2396694214876034
5.4,5.4,CH3,FI,CH3+FI,242,272.0,253.0,1.6463499999372289,True,4.545454545454546
5.4,5.4,CH3,BI,CH3+BI,242,272.0,250.0,4.966232300037518,True,3.3057851239669422
5.4,5.4,CH1+RE,FI,CH1+RE+FI,242,2908.0,1291.0,3.489900599932298,True,433.4710743801653
5.4,5.4,CH1+RE,BI,CH1+RE+BI,242,2908.0,1130.0,22.565848300000653,True,366.94214876033055
5.5,5.5,CH1,FI,CH1+FI,211,4185.0,1744.0,6.2078332999954,True,726.5402843601896
5.5,5.5,CH1,BI,CH1+BI,211,4185.0,1399.0,55.092906299978495,True,563.0331753554502
5.5,5.5,CH2,FI,CH2+FI,211,236.0,231.0,0.9464381999569014,True,9.47867298578199
5.5,5.5,CH2,BI,CH2+BI,211,236.0,212.0,22.67717089992948,True,0.47393364928909953
5.5,5.5,CH3,FI,CH3+FI,211,252.0,222.0,1.3770060999086127,True,5.213270142180095
5.5,5.5,CH3,BI,CH3+BI,211,252.0,225.0,8.876416699960828,True,6.6350710900473935
5.5,5.5,CH1+RE,FI,CH1+RE+FI,211,3164.0,1653.0,3.0655246999813244,True,683.4123222748815
5.5,5.5,CH1+RE,BI,CH1+RE+BI,211,3164.0,1505.0,12.473427399992943,True,613.2701421800948
5.6,5.6,CH1,FI,CH1+FI,213,4132.0,1462.0,3.9216037000296637,True,586.3849765258216
5.6,5.6,CH1,BI,CH1+BI,213,4132.0,1288.0,51.16324250004254,True,504.69483568075117
5.6,5.6,CH2,FI,CH2+FI,213,251.0,217.0,0.8124552000081167,True,1.8779342723004695
5.6,5.6,CH2,BI,CH2+BI,213,251.0,216.0,13.607777200057171,True,1.408450704225352
5.6,5.6,CH3,FI,CH3+FI,213,239.0,214.0,1.1196064000250772,True,0.4694835680751174
5.6,5.6,CH3,BI,CH3+BI,213,239.0,214.0,6.216628900030628,True,0.4694835680751174
5.6,5.6,CH1+RE,FI,CH1+RE+FI,213,3065.0,1236.0,4.449848199961707,True,480.28169014084506
5.6,5.6,CH1+RE,BI,CH1+RE+BI,213,3065.0,1588.0,8.899662300013006,True,645.5399061032864
5.7,5.7,CH1,FI,CH1+FI,293,4290.0,1671.0,4.036682900041342,True,470.3071672354949
5.7,5.7,CH1,BI,CH1+BI,293,4290.0,1722.0,24.162467999965884,True,487.7133105802048
5.7,5.7,CH2,FI,CH2+FI,293,326.0,313.0,0.7157731000334024,True,6.825938566552901
5.7,5.7,CH2,BI,CH2+BI,293,326.0,300.0,8.332477900083177,True,2.3890784982935154
5.7,5.7,CH3,FI,CH3+FI,293,327.0,317.0,0.879478600108996,True,8.19112627986348
5.7,5.7,CH3,BI,CH3+BI,293,327.0,317.0,2.2517737998859957,True,8.19112627986348
5.7,5.7,CH1+RE,FI,CH1+RE+FI,293,3319.0,1625.0,2.150130599969998,True,454.6075085324232
5.7,5.7,CH1+RE,BI,CH1+RE+BI,293,3319.0,1819.0,5.782061000005342,True,520.8191126279863
5.8,5.8,CH1,FI,CH1+FI,288,4297.0,1881.0,1.6707357000559568,True,553.125
5.8,5.8,CH1,BI,CH1+BI,288,4297.0,1597.0,28.62419190001674,True,454.5138888888889
5.8,5.8,CH2,FI,CH2+FI,288,323.0,314.0,0.8376160999760032,True,9.027777777777779
5.8,5.8,CH2,BI,CH2+BI,288,323.0,302.0,6.628787400084548,True,4.861111111111111
5.8,5.8,CH3,FI,CH3+FI,288,308.0,290.0,1.6498857999686152,True,0.6944444444444444
5.8,5.8,CH3,BI,CH3+BI,288,308.0,293.0,3.1891388000221923,True,1.7361111111111112
5.8,5.8,CH1+RE,FI,CH1+RE+FI,288,3263.0,1336.0,2.7767349999630824,True,363.8888888888889
5.8,5.8,CH1+RE,BI,CH1+RE+BI,288,3263.0,1597.0,10.386352500063367,True,454.5138888888889
5.9,5.9,CH1,FI,CH1+FI,279,3779.0,1850.0,1.6440549999242648,True,563.0824372759856
5.9,5.9,CH1,BI,CH1+BI,279,3779.0,1606.0,18.366706499946304,True,475.6272401433692
5.9,5.9,CH2,FI,CH2+FI,279,312.0,301.0,0.570242099929601,True,7.885304659498208
5.9,5.9,CH2,BI,CH2+BI,279,312.0,281.0,7.992864900035784,True,0.7168458781362007
5.9,5.9,CH3,FI,CH3+FI,279,330.0,315.0,1.3507586000487208,True,12.903225806451612
5.9,5.9,CH3,BI,CH3+BI,279,330.0,311.0,3.613357700058259,True,11.469534050179211
5.9,5.9,CH1+RE,FI,CH1+RE+FI,279,3015.0,1894.0,2.886238900013268,True,578.8530465949821
5.9,5.9,CH1+RE,BI,CH1+RE+BI,279,3015.0,1480.0,7.637206599931233,True,430.4659498207885
6.1,6.1,CH1,FI,CH1+FI,138,2390.0,732.0,0.6251835000002757,True,430.4347826086956
6.1,6.1,CH1,BI,CH1+BI,138,2390.0,655.0,5.641482200007886,True,374.6376811594203
6.1,6.1,CH2,FI,CH2+FI,138,159.0,144.0,0.18726899998728186,True,4.3478260869565215
6.1,6.1,CH2,BI,CH2+BI,138,159.0,138.0,3.3366933999350294,True,0.0
6.1,6.1,CH3,FI,CH3+FI,138,156.0,151.0,0.1939781999681145,True,9.420289855072463
6.1,6.1,CH3,BI,CH3+BI,138,156.0,147.0,1.030661700060591,True,6.521739130434782
6.1,6.1,CH1+RE,FI,CH1+RE+FI,138,2023.0,789.0,0.7916733999736607,True,471.7391304347826
6.1,6.1,CH1+RE,BI,CH1+RE+BI,138,2023.0,647.0,3.687727599986829,True,368.84057971014494
6.2,6.2,CH1,FI,CH1+FI,146,2478.0,894.0,0.8403323999373242,True,512.3287671232877
6.2,6.2,CH1,BI,CH1+BI,146,2478.0,571.0,7.988498999970034,True,291.09589041095893
6.2,6.2,CH2,FI,CH2+FI,146,170.0,151.0,0.4055708999512717,True,3.4246575342465753
6.2,6.2,CH2,BI,CH2+BI,146,170.0,150.0,2.4250000999309123,True,2.73972602739726
6.2,6.2,CH3,FI,CH3+FI,146,166.0,156.0,0.2973012999864295,True,6.8493150684931505
6.2,6.2,CH3,BI,CH3+BI,146,166.0,154.0,0.8711598000954837,True,5.47945205479452
6.2,6.2,CH1+RE,FI,CH1+RE+FI,146,1655.0,655.0,0.5151246000314131,True,348.63013698630135
6.2,6.2,CH1+RE,BI,CH1+RE+BI,146,1655.0,1297.0,1.2136594000039622,True,788.3561643835617
6.3,6.3,CH1,FI,CH1+FI,145,2698.0,854.0,0.5717107000527903,True,488.9655172413793
6.3,6.3,CH1,BI,CH1+BI,145,2698.0,715.0,5.9282713999273255,True,393.1034482758621
6.3,6.3,CH2,FI,CH2+FI,145,161.0,149.0,0.3447996999602765,True,2.7586206896551726
6.3,6.3,CH2,BI,CH2+BI,145,161.0,149.0,1.1134574000025168,True,2.7586206896551726
6.3,6.3,CH3,FI,CH3+FI,145,159.0,149.0,0.390437199966982,True,2.7586206896551726
6.3,6.3,CH3,BI,CH3+BI,145,159.0,148.0,1.076909799943678,True,2.0689655172413794
6.3,6.3,CH1+RE,FI,CH1+RE+FI,145,2156.0,1375.0,0.45341969991568476,True,848.2758620689655
6.3,6.3,CH1+RE,BI,CH1+RE+BI,145,2156.0,1208.0,1.840769900009036,True,733.1034482758621
6.4,6.4,CH1,FI,CH1+FI,131,2235.0,1105.0,0.5623489000136033,True,743.5114503816794
6.4,6.4,CH1,BI,CH1+BI,131,2235.0,832.0,4.774699799949303,True,535.1145038167939
6.4,6.4,CH2,FI,CH2+FI,131,149.0,143.0,0.3753312999615446,True,9.16030534351145
6.4,6.4,CH2,BI,CH2+BI,131,149.0,131.0,2.565227400045842,True,0.0
6.4,6.4,CH3,FI,CH3+FI,131,158.0,147.0,0.25415159994736314,True,12.213740458015268
6.4,6.4,CH3,BI,CH3+BI,131,158.0,147.0,0.9310298999771476,True,12.213740458015268
6.4,6.4,CH1+RE,FI,CH1+RE+FI,131,1721.0,802.0,0.8193714000517502,True,512.2137404580153
6.4,6.4,CH1+RE,BI,CH1+RE+BI,131,1721.0,832.0,1.9325521000428125,True,535.1145038167939
6.5,6.5,CH1,FI,CH1+FI,161,2465.0,1001.0,0.49037849996238947,True,521.7391304347826
6.5,6.5,CH1,BI,CH1+BI,161,2465.0,871.0,6.165558899985626,True,440.99378881987576
6.5,6.5,CH2,FI,CH2+FI,161,196.0,179.0,0.3857069999212399,True,11.180124223602485
6.5,6.5,CH2,BI,CH2+BI,161,196.0,181.0,1.3928248999873176,True,12.422360248447205
6.5,6.5,CH3,FI,CH3+FI,161,185.0,170.0,0.35338759992737323,True,5.590062111801243
6.5,6.5,CH3,BI,CH3+BI,161,185.0,166.0,1.1203351999865845,True,3.1055900621118013
6.5,6.5,CH1+RE,FI,CH1+RE+FI,161,1676.0,912.0,0.41246789996512234,True,466.45962732919253
6.5,6.5,CH1+RE,BI,CH1+RE+BI,161,1676.0,802.0,2.3651056999806315,True,398.1366459627329
A.1,A.1,CH1,FI,CH1+FI,253,4964.0,2212.0,3.4835388000356033,True,774.3083003952569
A.1,A.1,CH1,BI,CH1+BI,253,4964.0,2706.0,61.23755669989623,True,969.5652173913044
A.1,A.1,CH2,FI,CH2+FI,253,288.0,282.0,2.922734799911268,True,11.462450592885375
A.1,A.1,CH2,BI,CH2+BI,253,288.0,258.0,54.27510389999952,True,1.976284584980237
A.1,A.1,CH3,FI,CH3+FI,253,280.0,267.0,2.2967000000644475,True,5.533596837944664
A.1,A.1,CH3,BI,CH3+BI,253,280.0,261.0,14.710142399999313,True,3.1620553359683794
A.1,A.1,CH1+RE,FI,CH1+RE+FI,253,3533.0,1674.0,18.5970260000322,True,561.6600790513834
A.1,A.1,CH1+RE,BI,CH1+RE+BI,253,3533.0,1704.0,33.93361139995977,True,573.5177865612649
A.2,A.2,CH1,FI,CH1+FI,252,5238.0,1887.0,5.652676599915139,True,648.8095238095239
A.2,A.2,CH1,BI,CH1+BI,252,5238.0,3500.0,90.67057780001778,True,1288.888888888889
A.2,A.2,CH2,FI,CH2+FI,252,284.0,267.0,4.498837699997239,True,5.9523809523809526
A.2,A.2,CH2,BI,CH2+BI,252,284.0,259.0,22.736350600025617,True,2.7777777777777777
A.2,A.2,CH3,FI,CH3+FI,252,289.0,274.0,1.8888498999876902,True,8.73015873015873
A.2,A.2,CH3,BI,CH3+BI,252,289.0,264.0,11.446199600002728,True,4.761904761904762
A.2,A.2,CH1+RE,FI,CH1+RE+FI,252,3731.0,1998.0,7.307577400002629,True,692.8571428571429
A.2,A.2,CH1+RE,BI,CH1+RE+BI,252,3731.0,1862.0,24.993309000041336,True,638.8888888888889
A.3,A.3,CH1,FI,CH1+FI,232,4551.0,1882.0,3.5965688000433147,True,711.2068965517242
A.3,A.3,CH1,BI,CH1+BI,232,4551.0,1498.0,60.39850370003842,True,545.6896551724138
A.3,A.3,CH2,FI,CH2+FI,232,270.0,245.0,1.2374287999700755,True,5.603448275862069
A.3,A.3,CH2,BI,CH2+BI,232,270.0,243.0,18.115470699965954,True,4.741379310344827
A.3,A.3,CH3,FI,CH3+FI,232,260.0,254.0,1.285717000020668,True,9.482758620689655
A.3,A.3,CH3,BI,CH3+BI,232,260.0,250.0,4.8552564000710845,True,7.758620689655173
A.3,A.3,CH1+RE,FI,CH1+RE+FI,232,3309.0,1500.0,5.049835599958897,True,546.551724137931
A.3,A.3,CH1+RE,BI,CH1+RE+BI,232,3309.0,1782.0,16.17764910007827,True,668.1034482758621
A.4,A.4,CH1,FI,CH1+FI,234,5221.0,2001.0,3.8288833999540657,True,755.1282051282051
A.4,A.4,CH1,BI,CH1+BI,234,5221.0,1646.0,60.59752379998099,True,603.4188034188035
A.4,A.4,CH2,FI,CH2+FI,234,278.0,239.0,2.0629775000270456,True,2.1367521367521367
A.4,A.4,CH2,BI,CH2+BI,234,278.0,239.0,25.908111899974756,True,2.1367521367521367
A.4,A.4,CH3,FI,CH3+FI,234,258.0,238.0,3.975763300084509,True,1.7094017094017093
A.4,A.4,CH3,BI,CH3+BI,234,258.0,237.0,9.967732300050557,True,1.2820512820512822
A.4,A.4,CH1+RE,FI,CH1+RE+FI,234,4098.0,1826.0,4.173026900039986,True,680.3418803418804
A.4,A.4,CH1+RE,BI,CH1+RE+BI,234,4098.0,1561.0,26.42722720000893,True,567.0940170940171
A.5,A.5,CH1,FI,CH1+FI,236,4089.0,1575.0,6.8289535999065265,True,567.3728813559322
A.5,A.5,CH1,BI,CH1+BI,236,4089.0,1824.0,45.677583399927244,True,672.8813559322034
A.5,A.5,CH2,FI,CH2+FI,236,271.0,238.0,1.4901394000044093,True,0.847457627118644
A.5,A.5,CH2,BI,CH2+BI,236,271.0,238.0,26.121137600042857,True,0.847457627118644
A.5,A.5,CH3,FI,CH3+FI,236,261.0,243.0,1.246003199950792,True,2.9661016949152543
A.5,A.5,CH3,BI,CH3+BI,236,261.0,243.0,9.186228499980643,True,2.9661016949152543
A.5,A.5,CH1+RE,FI,CH1+RE+FI,236,3421.0,1833.0,5.5007252000505105,True,676.6949152542373
A.5,A.5,CH1+RE,BI,CH1+RE+BI,236,3421.0,2021.0,19.543494899990037,True,756.3559322033898
B.1,B.1,CH1,FI,CH1+FI,69,2616.0,1013.0,2.122861500014551,True,1368.1159420289855
B.1,B.1,CH1,BI,CH1+BI,69,2616.0,621.0,42.37691829993855,True,800.0
B.1,B.1,CH2,FI,CH2+FI,69,77.0,72.0,1.5001448000548407,True,4.3478260869565215
B.1,B.1,CH2,BI,CH2+BI,69,77.0,72.0,6.330432899994776,True,4.3478260869565215
B.1,B.1,CH3,FI,CH3+FI,69,78.0,73.0,1.544913599966094,True,5.797101449275362
B.1,B.1,CH3,BI,CH3+BI,69,78.0,73.0,5.036924200016074,True,5.797101449275362
B.1,B.1,CH1+RE,FI,CH1+RE+FI,69,2046.0,961.0,2.26728919998277,True,1292.7536231884058
B.1,B.1,CH1+RE,BI,CH1+RE+BI,69,2046.0,732.0,16.733961799996905,True,960.8695652173913
B.2,B.2,CH1,FI,CH1+FI,76,2734.0,859.0,4.169900899985805,True,1030.2631578947369
B.2,B.2,CH1,BI,CH1+BI,76,2734.0,684.0,31.283289100043476,True,800.0
B.2,B.2,CH2,FI,CH2+FI,76,86.0,78.0,0.912608899991028,True,2.6315789473684212
B.2,B.2,CH2,BI,CH2+BI,76,86.0,78.0,6.043782599968836,True,2.6315789473684212
B.2,B.2,CH3,FI,CH3+FI,76,92.0,86.0,1.9550121000502259,True,13.157894736842104
B.2,B.2,CH3,BI,CH3+BI,76,92.0,80.0,4.979346000007354,True,5.2631578947368425
B.2,B.2,CH1+RE,FI,CH1+RE+FI,76,2130.0,1045.0,2.8586118000093848,True,1275.0
B.2,B.2,CH1+RE,BI,CH1+RE+BI,76,2130.0,749.0,15.531504100072198,True,885.5263157894736
B.3,B.3,CH1,FI,CH1+FI,80,2513.0,1029.0,2.078502699965611,True,1186.25
B.3,B.3,CH1,BI,CH1+BI,80,2513.0,611.0,28.981115799979307,True,663.75
B.3,B.3,CH2,FI,CH2+FI,80,89.0,83.0,0.7484358999645337,True,3.75
B.3,B.3,CH2,BI,CH2+BI,80,89.0,81.0,4.5892792999511585,True,1.25
B.3,B.3,CH3,FI,CH3+FI,80,89.0,85.0,1.7768026000121608,True,6.25
B.3,B.3,CH3,BI,CH3+BI,80,89.0,85.0,3.2002378000179306,True,6.25
B.3,B.3,CH1+RE,FI,CH1+RE+FI,80,1901.0,831.0,5.010030300007202,True,938.75
B.3,B.3,CH1+RE,BI,CH1+RE+BI,80,1901.0,851.0,9.924588400055654,True,963.75
B.4,B.4,CH1,FI,CH1+FI,79,2483.0,845.0,4.032922099926509,True,969.620253164557
B.4,B.4,CH1,BI,CH1+BI,79,2483.0,719.0,26.527401399915107,True,810.126582278481
B.4,B.4,CH2,FI,CH2+FI,79,89.0,82.0,0.6829561999766156,True,3.7974683544303796
B.4,B.4,CH2,BI,CH2+BI,79,89.0,81.0,5.603007400059141,True,2.5316455696202533
B.4,B.4,CH3,FI,CH3+FI,79,95.0,85.0,1.31904560001567,True,7.594936708860759
B.4,B.4,CH3,BI,CH3+BI,79,95.0,82.0,8.416053500026464,True,3.7974683544303796
B.4,B.4,CH1+RE,FI,CH1+RE+FI,79,1813.0,874.0,2.3772753999801353,True,1006.3291139240506
B.4,B.4,CH1+RE,BI,CH1+RE+BI,79,1813.0,719.0,12.192643400048837,True,810.126582278481
B.5,B.5,CH1,FI,CH1+FI,72,2565.0,496.0,9.814271899987943,True,588.8888888888889
B.5,B.5,CH1,BI,CH1+BI,72,2565.0,1120.0,22.288283700007014,True,1455.5555555555557
B.5,B.5,CH2,FI,CH2+FI,72,78.0,73.0,1.1600166000425816,True,1.3888888888888888
B.5,B.5,CH2,BI,CH2+BI,72,78.0,73.0,3.8789268999826163,True,1.3888888888888888
B.5,B.5,CH3,FI,CH3+FI,72,85.0,79.0,1.1926325999666005,True,9.722222222222221
B.5,B.5,CH3,BI,CH3+BI,72,85.0,73.0,4.66751459997613,True,1.3888888888888888
B.5,B.5,CH1+RE,FI,CH1+RE+FI,72,2145.0,738.0,3.6632861000252888,True,925.0
B.5,B.5,CH1+RE,BI,CH1+RE+BI,72,2145.0,1120.0,10.185020599979907,True,1455.5555555555557
C.1,C.1,CH1,FI,CH1+FI,227,5100.0,1970.0,8.396234099986032,True,767.8414096916299
C.1,C.1,CH1,BI,CH1+BI,227,5100.0,3500.0,67.004865600029,True,1441.8502202643172
C.1,C.1,CH2,FI,CH2+FI,227,258.0,232.0,4.492409099941142,True,2.202643171806167
C.1,C.1,CH2,BI,CH2+BI,227,258.0,232.0,35.249929600046016,True,2.202643171806167
C.1,C.1,CH3,FI,CH3+FI,227,262.0,253.0,1.93664319999516,True,11.45374449339207
C.1,C.1,CH3,BI,CH3+BI,227,262.0,247.0,15.143828899948858,True,8.810572687224669
C.1,C.1,CH1+RE,FI,CH1+RE+FI,227,3782.0,1979.0,5.043910199892707,True,771.806167400881
C.1,C.1,CH1+RE,BI,CH1+RE+BI,227,3782.0,1549.0,33.32711640000343,True,582.3788546255506
C.2,C.2,CH1,FI,CH1+FI,219,5197.0,1900.0,7.793774000019766,True,767.5799086757991
C.2,C.2,CH1,BI,CH1+BI,219,5197.0,3115.0,60.14930990000721,True,1322.3744292237443
C.2,C.2,CH2,FI,CH2+FI,219,258.0,226.0,2.2101051999488845,True,3.1963470319634704
C.2,C.2,CH2,BI,CH2+BI,219,258.0,221.0,44.799938799929805,True,0.91324200913242
C.2,C.2,CH3,FI,CH3+FI,219,252.0,244.0,2.9631067001027986,True,11.415525114155251
C.2,C.2,CH3,BI,CH3+BI,219,252.0,232.0,14.266421900014393,True,5.936073059360731
C.2,C.2,CH1+RE,FI,CH1+RE+FI,219,3995.0,1780.0,7.766618399997242,True,712.7853881278539
C.2,C.2,CH1+RE,BI,CH1+RE+BI,219,3995.0,1911.0,37.52872539998498,True,772.6027397260274
C.3,C.3,CH1,FI,CH1+FI,243,6255.0,2206.0,7.513512900099158,True,807.8189300411523
C.3,C.3,CH1,BI,CH1+BI,243,6255.0,4171.0,93.79820339998696,True,1616.4609053497943
C.3,C.3,CH2,FI,CH2+FI,243,276.0,256.0,2.8199103000806645,True,5.349794238683128
C.3,C.3,CH2,BI,CH2+BI,243,276.0,251.0,19.361513799987733,True,3.292181069958848
C.3,C.3,CH3,FI,CH3+FI,243,289.0,268.0,1.8931931999977678,True,10.2880658436214
C.3,C.3,CH3,BI,CH3+BI,243,289.0,267.0,14.504576900042593,True,9.876543209876543
C.3,C.3,CH1+RE,FI,CH1+RE+FI,243,4422.0,2090.0,5.706006999942474,True,760.082304526749
C.3,C.3,CH1+RE,BI,CH1+RE+BI,243,4422.0,1934.0,45.56471099995542,True,695.8847736625514
C.4,C.4,CH1,FI,CH1+FI,219,6015.0,2464.0,9.01424169994425,True,1025.1141552511415
C.4,C.4,CH1,BI,CH1+BI,219,6015.0,4052.0,139.6401268999325,True,1750.2283105022832
C.4,C.4,CH2,FI,CH2+FI,219,257.0,231.0,8.548265799996443,True,5.47945205479452
C.4,C.4,CH2,BI,CH2+BI,219,257.0,231.0,49.21235619997606,True,5.47945205479452
C.4,C.4,CH3,FI,CH3+FI,219,262.0,242.0,8.104891300085,True,10.502283105022832
C.4,C.4,CH3,BI,CH3+BI,219,262.0,226.0,34.35908800002653,True,3.1963470319634704
C.4,C.4,CH1+RE,FI,CH1+RE+FI,219,4307.0,2195.0,9.968688799999654,True,902.283105022831
C.4,C.4,CH1+RE,BI,CH1+RE+BI,219,4307.0,1975.0,60.46806809992995,True,801.8264840182649
C.5,C.5,CH1,FI,CH1+FI,215,5085.0,2565.0,8.371413700049743,True,1093.0232558139535
C.5,C.5,CH1,BI,CH1+BI,215,5085.0,3278.0,62.454236099962145,True,1424.6511627906978
C.5,C.5,CH2,FI,CH2+FI,215,233.0,223.0,3.437293399940245,True,3.7209302325581395
C.5,C.5,CH2,BI,CH2+BI,215,233.0,217.0,24.370130899944343,True,0.9302325581395349
C.5,C.5,CH3,FI,CH3+FI,215,250.0,245.0,2.5298624000279233,True,13.953488372093023
C.5,C.5,CH3,BI,CH3+BI,215,250.0,239.0,15.971873800037429,True,11.162790697674419
C.5,C.5,CH1+RE,FI,CH1+RE+FI,215,4027.0,2203.0,8.277126400033012,True,924.6511627906976
C.5,C.5,CH1+RE,BI,CH1+RE+BI,215,4027.0,2101.0,45.05135429999791,True,877.2093023255813
D.1,D.1,CH1,FI,CH1+FI,60,2852.0,823.0,6.727662599994801,True,1271.6666666666667
D.1,D.1,CH1,BI,CH1+BI,60,2852.0,913.0,51.02197740005795,True,1421.6666666666667
D.1,D.1,CH2,FI,CH2+FI,60,74.0,65.0,2.513644600054249,True,8.333333333333334
D.1,D.1,CH2,BI,CH2+BI,60,74.0,64.0,15.71624249999877,True,6.666666666666667
D.1,D.1,CH3,FI,CH3+FI,60,69.0,68.0,1.5680205000098795,True,13.333333333333334
D.1,D.1,CH3,BI,CH3+BI,60,69.0,61.0,16.833447699900717,True,1.6666666666666667
D.1,D.1,CH1+RE,FI,CH1+RE+FI,60,2363.0,1043.0,13.428685200051405,True,1638.3333333333333
D.1,D.1,CH1+RE,BI,CH1+RE+BI,60,2363.0,913.0,33.755214800010435,True,1421.6666666666667
D.2,D.2,CH1,FI,CH1+FI,66,3164.0,1177.0,5.440518599934876,True,1683.3333333333333
D.2,D.2,CH1,BI,CH1+BI,66,3164.0,1258.0,60.49568260007072,True,1806.060606060606
D.2,D.2,CH2,FI,CH2+FI,66,74.0,68.0,2.237283399910666,True,3.0303030303030303
D.2,D.2,CH2,BI,CH2+BI,66,74.0,68.0,7.160755199962296,True,3.0303030303030303
D.2,D.2,CH3,FI,CH3+FI,66,81.0,77.0,2.8229939999291673,True,16.666666666666668
D.2,D.2,CH3,BI,CH3+BI,66,81.0,75.0,8.470060999970883,True,13.636363636363637
D.2,D.2,CH1+RE,FI,CH1+RE+FI,66,2216.0,821.0,9.347856299951673,True,1143.939393939394
D.2,D.2,CH1+RE,BI,CH1+RE+BI,66,2216.0,868.0,23.257365100085735,True,1215.1515151515152
D.3,D.3,CH1,FI,CH1+FI,72,3106.0,945.0,6.972702300059609,True,1212.5
D.3,D.3,CH1,BI,CH1+BI,72,3106.0,1225.0,61.02876230003312,True,1601.388888888889
D.3,D.3,CH2,FI,CH2+FI,72,83.0,78.0,1.8499114000005648,True,8.333333333333334
D.3,D.3,CH2,BI,CH2+BI,72,83.0,79.0,5.642764399992302,True,9.722222222222221
D.3,D.3,CH3,FI,CH3+FI,72,83.0,76.0,2.281217799987644,True,5.555555555555555
D.3,D.3,CH3,BI,CH3+BI,72,83.0,75.0,7.872013300075196,True,4.166666666666667
D.3,D.3,CH1+RE,FI,CH1+RE+FI,72,2418.0,686.0,17.177916000015102,True,852.7777777777778
D.3,D.3,CH1+RE,BI,CH1+RE+BI,72,2418.0,1040.0,29.85490569996182,True,1344.4444444444443
D.4,D.4,CH1,FI,CH1+FI,62,3049.0,1020.0,5.81418600003235,True,1545.1612903225807
D.4,D.4,CH1,BI,CH1+BI,62,3049.0,975.0,60.196814300026745,True,1472.5806451612902
D.4,D.4,CH2,FI,CH2+FI,62,71.0,63.0,1.6085236999206245,True,1.6129032258064515
D.4,D.4,CH2,BI,CH2+BI,62,71.0,63.0,10.045522599946707,True,1.6129032258064515
D.4,D.4,CH3,FI,CH3+FI,62,72.0,71.0,1.8551715000066906,True,14.516129032258064
D.4,D.4,CH3,BI,CH3+BI,62,72.0,68.0,7.2033089000033215,True,9.67741935483871
D.4,D.4,CH1+RE,FI,CH1+RE+FI,62,2366.0,1139.0,6.337687600054778,True,1737.0967741935483
D.4,D.4,CH1+RE,BI,CH1+RE+BI,62,2366.0,777.0,28.277371000032872,True,1153.225806451613
D.5,D.5,CH1,FI,CH1+FI,61,2712.0,1007.0,8.682963300030679,True,1550.8196721311476
D.5,D.5,CH1,BI,CH1+BI,61,2712.0,932.0,41.35405590001028,True,1427.8688524590164
D.5,D.5,CH2,FI,CH2+FI,61,69.0,63.0,2.4279161000158638,True,3.278688524590164
D.5,D.5,CH2,BI,CH2+BI,61,69.0,64.0,6.412942499970086,True,4.918032786885246
D.5,D.5,CH3,FI,CH3+FI,61,73.0,68.0,1.3893539001001045,True,11.475409836065573
D.5,D.5,CH3,BI,CH3+BI,61,73.0,68.0,7.421634400030598,True,11.475409836065573
D.5,D.5,CH1+RE,FI,CH1+RE+FI,61,2384.0,1309.0,5.183712900034152,True,2045.9016393442623
D.5,D.5,CH1+RE,BI,CH1+RE+BI,61,2384.0,1131.0,20.531717999954708,True,1754.0983606557377
